species_id	gene_id	gene_name	flag	swissprot_accession	entry_name	pe	caution_records	difference_vs_reference	closest_reference_protein	curated_length
Athaliana	AT1G20490.TAIR10	AT1G20490	swissprot_caution_erroneous_gene_model_prediction;swissprot_caution_frameshift	Q3E6Y4	4CLL3_ARATH	2	Sequence=AAF79612.1; Type=Erroneous gene model prediction; Note=The predicted gene has been split into 3 genes: At1g20480, At1g20490 and At1g20500.; Evidence={ECO:0000305} | Sequence=AAF79612.1; Type=Frameshift; Evidence={ECO:0000305} | Sequence=AEE29978.1; Type=Erroneous gene model prediction; Evidence={ECO:0000305} | Sequence=AEE29978.1; Type=Frameshift; Evidence={ECO:0000305} | Sequence=BX815999; Type=Miscellaneous discrepancy; Note=Sequencing errors.; Evidence={ECO:0000305}	internal_difference_prefix430_suffix0_len552vs447	AT1G20490.1.TAIR10	552
Athaliana	AT3G16170.TAIR10	AT3G16170	swissprot_caution_erroneous_gene_model_prediction;swissprot_caution_erroneous_initiation	Q8H151	AAE13_ARATH	1	Sequence=AAM61199.1; Type=Erroneous initiation; Note=Truncated N-terminus.; Evidence={ECO:0000305} | Sequence=AAN31910.1; Type=Erroneous initiation; Note=Truncated N-terminus.; Evidence={ECO:0000305} | Sequence=BAB02683.1; Type=Erroneous gene model prediction; Evidence={ECO:0000305}	reference_shorter_by_64aa	AT3G16170.1.TAIR10	608
Athaliana	AT4G33150.TAIR10	AT4G33150	swissprot_caution_erroneous_initiation	Q9SMZ4	AASS_ARATH	1	Sequence=AAK64010.1; Type=Erroneous initiation; Evidence={ECO:0000305} | Sequence=AAK97099.1; Type=Miscellaneous discrepancy; Note=Chimeric cDNA. Its C-terminal part is derived from gene At1G61240 whose function is unknown. Originally thought to be an alternative splicing form of At4g33150.; Evidence={ECO:0000305} | Sequence=AAM16268.1; Type=Erroneous initiation; Evidence={ECO:0000305}	reference_shorter_by_582aa	AT4G33150.3.TAIR10	1064
Athaliana	AT3G28520.TAIR10	AT3G28520	swissprot_caution_erroneous_initiation	Q9LH83	AATP6_ARATH	3	Sequence=AEE77455.1; Type=Erroneous initiation; Note=Truncated N-terminus.; Evidence={ECO:0000305}	reference_shorter_by_14aa	AT3G28520.1.TAIR10	492
Athaliana	AT5G61740.TAIR10	AT5G61740	swissprot_caution_erroneous_gene_model_prediction	Q9FLT4	AB10A_ARATH	1	Sequence=BAB10074.1; Type=Erroneous gene model prediction; Evidence={ECO:0000305}	internal_difference_prefix24_suffix519_len909vs848	AT5G61740.1.TAIR10	909
Athaliana	AT2G07680.TAIR10	AT2G07680	swissprot_caution_erroneous_gene_model_prediction	Q9SKX0	AB13C_ARATH	2	Sequence=AAD37023.1; Type=Erroneous gene model prediction; Evidence={ECO:0000305} | Sequence=AEC06127.1; Type=Erroneous gene model prediction; Evidence={ECO:0000305}	internal_difference_prefix192_suffix1212_len1410vs1404	AT2G07680.1.TAIR10	1410
Athaliana	AT3G28415.TAIR10	AT3G28415	swissprot_caution_erroneous_gene_model_prediction;swissprot_caution_erroneous_initiation	Q9LSJ2	AB22B_ARATH	3	Sequence=AEE77442.1; Type=Erroneous gene model prediction; Evidence={ECO:0000305} | Sequence=BAB02858.1; Type=Erroneous initiation; Note=Extended N-terminus.; Evidence={ECO:0000305}	internal_difference_prefix84_suffix1137_len1229vs1221	AT3G28415.1.TAIR10	1229
Athaliana	AT3G30842.TAIR10	AT3G30842	swissprot_caution_erroneous_gene_model_prediction	Q7PC85	AB38G_ARATH	2	Sequence=BAB02609.1; Type=Erroneous gene model prediction; Evidence={ECO:0000305}	internal_difference_prefix717_suffix469_len1418vs1406	AT3G30842.1.TAIR10	1418
Athaliana	AT4G15215.TAIR10	AT4G15215	swissprot_caution_erroneous_gene_model_prediction	Q7PC83	AB41G_ARATH	2	Sequence=AEE83570.1; Type=Erroneous gene model prediction; Evidence={ECO:0000305}	internal_difference_prefix320_suffix1070_len1397vs1390	AT4G15215.1.TAIR10	1397
Athaliana	AT4G15233.TAIR10	AT4G15233	swissprot_caution_erroneous_gene_model_prediction	Q7PC82	AB42G_ARATH	2	Sequence=AEE83573.1; Type=Erroneous gene model prediction; Evidence={ECO:0000305}	internal_difference_prefix1304_suffix0_len1392vs1382	AT4G15233.2.TAIR10	1392
Athaliana	AT3G47750.TAIR10	AT3G47750	swissprot_caution_erroneous_gene_model_prediction	Q9STT8	AB4A_ARATH	3	Sequence=CAB41858.1; Type=Erroneous gene model prediction; Evidence={ECO:0000305}	internal_difference_prefix412_suffix525_len937vs947	AT3G47750.1.TAIR10	937
Athaliana	AT3G47760.TAIR10	AT3G47760	swissprot_caution_erroneous_gene_model_prediction	Q9STT7	AB5A_ARATH	3	Sequence=CAB41859.1; Type=Erroneous gene model prediction; Evidence={ECO:0000305}	internal_difference_prefix145_suffix333_len936vs872	AT3G47760.1.TAIR10	936
Athaliana	AT3G47770.TAIR10	AT3G47770	swissprot_caution_erroneous_gene_model_prediction	Q9STT6	AB6A_ARATH	3	Sequence=AEE78327.1; Type=Erroneous gene model prediction; Evidence={ECO:0000305} | Sequence=CAB41860.1; Type=Erroneous gene model prediction; Evidence={ECO:0000305}	internal_difference_prefix127_suffix708_len926vs900	AT3G47770.1.TAIR10	926
Athaliana	AT5G61730.TAIR10	AT5G61730	swissprot_caution_erroneous_gene_model_prediction	Q9FLT5	AB9A_ARATH	1	Sequence=AED97510.1; Type=Erroneous gene model prediction; Evidence={ECO:0000305}	internal_difference_prefix474_suffix466_len950vs940	AT5G61730.1.TAIR10	950
Athaliana	AT5G36925.TAIR10	AT5G36925	swissprot_caution_erroneous_initiation	Q9FIW0	ACIN1_ARATH	2	Sequence=BAC43263.1; Type=Erroneous initiation; Note=Truncated N-terminus.; Evidence={ECO:0000305}	reference_shorter_by_13aa	AT5G36925.1.TAIR10	76
Athaliana	AT1G64710.TAIR10	AT1G64710	swissprot_caution_erroneous_gene_model_prediction	Q8VZ49	ADHL4_ARATH	2	Sequence=AAD38247.1; Type=Erroneous gene model prediction; Evidence={ECO:0000305}	reference_longer_by_16aa	AT1G64710.1.TAIR10	380
Athaliana	AT3G09380.TAIR10	AT3G09380	swissprot_caution_erroneous_initiation	Q9SR25	AEL2_ARATH	2	Sequence=AAF14033.1; Type=Erroneous initiation; Note=Extended N-terminus.; Evidence={ECO:0000305}	reference_longer_by_7aa	AT3G09380.1.TAIR10	149
Athaliana	AT4G18960.TAIR10	AT4G18960	swissprot_caution_erroneous_gene_model_prediction;swissprot_caution_erroneous_initiation	P17839	AG_ARATH	1	Sequence=CAA16753.1; Type=Erroneous gene model prediction; Evidence={ECO:0000305} | Sequence=CAA37642.1; Type=Erroneous initiation; Note=Extended N-terminus.; Evidence={ECO:0000305} | Sequence=CAB78898.1; Type=Erroneous gene model prediction; Evidence={ECO:0000305}	Met1_only	AT4G18960.1.TAIR10	252
Athaliana	AT3G07390.TAIR10	AT3G07390	swissprot_caution_erroneous_initiation	Q94BT2	AIR12_ARATH	1	Sequence=AAC62613.1; Type=Erroneous initiation; Note=Extended N-terminus.; Evidence={ECO:0000305} | Sequence=AAK64012.2; Type=Erroneous initiation; Note=Truncated N-terminus.; Evidence={ECO:0000305} | Sequence=AEE74537.1; Type=Erroneous initiation; Note=Extended N-terminus.; Evidence={ECO:0000305}	reference_longer_by_21aa	AT3G07390.1.TAIR10	252
Athaliana	AT5G11030.TAIR10	AT5G11030	swissprot_caution_erroneous_gene_model_prediction;swissprot_caution_erroneous_initiation	Q84VX3	ALF4_ARATH	1	Sequence=BAE99498.1; Type=Erroneous initiation; Note=Truncated N-terminus.; Evidence={ECO:0000305} | Sequence=CAC03451.1; Type=Erroneous gene model prediction; Evidence={ECO:0000305}	reference_shorter_by_24aa	AT5G11030.2.TAIR10	626
Athaliana	AT1G31600.TAIR10	AT1G31600	swissprot_caution_erroneous_gene_model_prediction	Q8RWY1	ALKB8_ARATH	2	Sequence=AAG60147.1; Type=Erroneous gene model prediction; Evidence={ECO:0000305}	reference_longer_by_85aa	AT1G31600.3.TAIR10	346
Athaliana	AT4G34880.TAIR10	AT4G34880	swissprot_caution_erroneous_gene_model_prediction	A0A1P8B760	AMI4G_ARATH	2	Sequence=AEE86432.1; Type=Erroneous gene model prediction; Evidence={ECO:0000305} | Sequence=CAB45449.1; Type=Erroneous gene model prediction; Evidence={ECO:0000305} | Sequence=CAB80205.1; Type=Erroneous gene model prediction; Evidence={ECO:0000305}	internal_difference_prefix180_suffix285_len512vs466	AT4G34880.1.TAIR10	512
Athaliana	AT4G18120.TAIR10	AT4G18120	swissprot_caution_erroneous_gene_model_prediction;swissprot_caution_frameshift	Q9SVV9	AML3_ARATH	2	Sequence=BAH57189.1; Type=Miscellaneous discrepancy; Note=Sequencing errors.; Evidence={ECO:0000305} | Sequence=CAB53653.1; Type=Erroneous gene model prediction; Evidence={ECO:0000305} | Sequence=CAB53653.1; Type=Frameshift; Evidence={ECO:0000305} | Sequence=CAB78814.1; Type=Erroneous gene model prediction; Evidence={ECO:0000305} | Sequence=CAB78814.1; Type=Frameshift; Evidence={ECO:0000305}	internal_difference_prefix188_suffix535_len759vs730	AT4G18120.1.TAIR10	759
Athaliana	AT4G16144.TAIR10	AT4G16144	swissprot_caution_frameshift	Q5PNU3	AMSH3_ARATH	1	Sequence=AL161543; Type=Frameshift; Evidence={ECO:0000305} | Sequence=Z97340; Type=Frameshift; Evidence={ECO:0000305}	same_length_104_mismatches	AT4G16144.1.TAIR10	507
Athaliana	AT3G05870.TAIR10	AT3G05870	swissprot_caution_erroneous_gene_model_prediction	Q9M9L0	APC11_ARATH	1	Sequence=AAF26089.1; Type=Erroneous gene model prediction; Evidence={ECO:0000305} | Sequence=AEE74309.1; Type=Erroneous gene model prediction; Evidence={ECO:0000305} | Sequence=AEE74310.1; Type=Erroneous gene model prediction; Evidence={ECO:0000305}	internal_difference_prefix6_suffix77_len84vs87	AT3G05870.1.TAIR10	84
Athaliana	AT5G24470.TAIR10	AT5G24470	swissprot_caution_erroneous_initiation	Q6LA42	APRR5_ARATH	1	Sequence=BAB13743.1; Type=Erroneous initiation; Note=Extended N-terminus.; Evidence={ECO:0000305}	reference_longer_by_109aa	AT5G24470.1.TAIR10	558
Athaliana	AT4G00760.TAIR10	AT4G00760	swissprot_caution_erroneous_gene_model_prediction	O23100	APRR8_ARATH	2	Sequence=AAB62863.1; Type=Erroneous gene model prediction; Evidence={ECO:0000305} | Sequence=CAB80885.1; Type=Erroneous gene model prediction; Evidence={ECO:0000305}	reference_shorter_by_31aa	AT4G00760.1.TAIR10	367
Athaliana	AT3G51290.TAIR10	AT3G51290	swissprot_caution_erroneous_gene_model_prediction	A0A178VBJ0	APSR1_ARATH	2	Sequence=CAB62651.1; Type=Erroneous gene model prediction; Evidence={ECO:0000305}	internal_difference_prefix634_suffix0_len640vs798	AT3G51290.2.TAIR10	640
Athaliana	AT2G34850.TAIR10	AT2G34850	swissprot_caution_erroneous_gene_model_prediction	O64749	ARAE2_ARATH	2	Sequence=AAC12825.1; Type=Erroneous gene model prediction; Evidence={ECO:0000305}	reference_shorter_by_181aa	AT2G34850.1.TAIR10	417
Athaliana	AT1G34170.TAIR10	AT1G34170	swissprot_caution_erroneous_gene_model_prediction	Q9FX25	ARFM_ARATH	2	Sequence=AAD39616.1; Type=Erroneous gene model prediction; Evidence={ECO:0000305} | Sequence=AAG12520.1; Type=Erroneous gene model prediction; Evidence={ECO:0000305}	internal_difference_prefix480_suffix0_len621vs505	AT1G34170.1.TAIR10	621
Athaliana	AT1G35520.TAIR10	AT1G35520	swissprot_caution_erroneous_gene_model_prediction	Q9LQE3	ARFO_ARATH	3	Sequence=AAF79360.1; Type=Erroneous gene model prediction; Evidence={ECO:0000305}	internal_difference_prefix107_suffix486_len593vs598	AT1G35520.1.TAIR10	593
Athaliana	AT2G19940.TAIR10	AT2G19940	swissprot_caution_erroneous_gene_model_prediction	Q93Z70	ARGC_ARATH	1	Sequence=AAC62122.2; Type=Erroneous gene model prediction; Evidence={ECO:0000305}	same_length_360_mismatches	AT2G19940.1.TAIR10	401
Athaliana	AT3G27720.TAIR10	AT3G27720	swissprot_caution_erroneous_gene_model_prediction;swissprot_caution_frameshift	Q9LVW9	ARI4_ARATH	5	Sequence=AEE77356.1; Type=Erroneous gene model prediction; Evidence={ECO:0000305} | Sequence=AEE77356.1; Type=Frameshift; Evidence={ECO:0000305} | Sequence=AJ510207; Type=Frameshift; Evidence={ECO:0000305} | Sequence=BAB02696.1; Type=Erroneous gene model prediction; Evidence={ECO:0000305} | Sequence=BAB02696.1; Type=Frameshift; Evidence={ECO:0000305}	internal_difference_prefix45_suffix352_len529vs493	AT3G27720.1.TAIR10	529
Athaliana	AT2G27070.TAIR10	AT2G27070	swissprot_caution_erroneous_gene_model_prediction	Q9ZVD3	ARR13_ARATH	3	Sequence=AAC77865.1; Type=Erroneous gene model prediction; Evidence={ECO:0000305}	internal_difference_prefix555_suffix0_len572vs575	AT2G27070.1.TAIR10	572
Athaliana	AT5G58080.TAIR10	AT5G58080	swissprot_caution_erroneous_gene_model_prediction	Q9FGT7	ARR18_ARATH	2	Sequence=BAB10999.1; Type=Erroneous gene model prediction; Evidence={ECO:0000305}	reference_shorter_by_17aa	AT5G58080.1.TAIR10	635
Athaliana	AT1G49190.TAIR10	AT1G49190	swissprot_caution_erroneous_gene_model_prediction	Q9M9B9	ARR19_ARATH	2	Sequence=AAF69721.1; Type=Erroneous gene model prediction; Evidence={ECO:0000305} | Sequence=AEE32403.1; Type=Erroneous gene model prediction; Evidence={ECO:0000305}	internal_difference_prefix163_suffix139_len407vs622	AT1G49190.2.TAIR10	407
Athaliana	AT5G07210.TAIR10	AT5G07210	swissprot_caution_erroneous_gene_model_prediction	Q9LYP5	ARR21_ARATH	2	Sequence=AED91122.1; Type=Erroneous gene model prediction; Evidence={ECO:0000305} | Sequence=CAB87277.1; Type=Erroneous gene model prediction; Evidence={ECO:0000305}	internal_difference_prefix41_suffix572_len613vs621	AT5G07210.1.TAIR10	613
Athaliana	AT4G16110.TAIR10	AT4G16110	swissprot_caution_erroneous_gene_model_prediction	Q9ZWJ9	ARR2_ARATH	1	Sequence=CAA06433.1; Type=Miscellaneous discrepancy; Note=Artifacts of PCR amplification.; Evidence={ECO:0000305} | Sequence=CAB10390.1; Type=Erroneous gene model prediction; Evidence={ECO:0000305} | Sequence=CAB78653.1; Type=Erroneous gene model prediction; Evidence={ECO:0000305}	same_length_392_mismatches	AT4G16110.1.TAIR10	664
Athaliana	AT1G77300.TAIR10	AT1G77300	swissprot_caution_erroneous_gene_model_prediction;swissprot_caution_erroneous_initiation	Q2LAE1	ASHH2_ARATH	1	Sequence=AAC34358.1; Type=Erroneous gene model prediction; Evidence={ECO:0000305} | Sequence=BAD94318.1; Type=Erroneous initiation; Note=Truncated N-terminus.; Evidence={ECO:0000305}	internal_difference_prefix1447_suffix312_len1759vs1805	AT1G77300.1.TAIR10	1759
Athaliana	AT5G11470.TAIR10	AT5G11470	swissprot_caution_erroneous_gene_model_prediction	Q9LYE3	ASI1_ARATH	1	Sequence=CAB87707.1; Type=Erroneous gene model prediction; Evidence={ECO:0000305}	internal_difference_prefix463_suffix0_len650vs757	AT5G11470.1.TAIR10	650
Athaliana	AT1G10230.TAIR10	AT1G10230	swissprot_caution_erroneous_initiation	Q9SY65	ASK18_ARATH	1	Sequence=AAD32873.1; Type=Erroneous initiation; Note=Extended N-terminus.; Evidence={ECO:0000305} | Sequence=AAO22641.1; Type=Erroneous initiation; Note=Extended N-terminus.; Evidence={ECO:0000305} | Sequence=AAO42455.1; Type=Erroneous initiation; Note=Extended N-terminus.; Evidence={ECO:0000305}	reference_longer_by_25aa	AT1G10230.1.TAIR10	158
Athaliana	AT4G30510.TAIR10	AT4G30510	swissprot_caution_erroneous_gene_model_prediction	Q8H1Q8	AT18B_ARATH	2	Sequence=CAB79769.1; Type=Erroneous gene model prediction; Evidence={ECO:0000305}	reference_shorter_by_54aa	AT4G30510.1.TAIR10	366
Athaliana	AT2G46493.TAIR10	AT2G46493	swissprot_caution_erroneous_gene_model_prediction	P0CH03	AT21C_ARATH	3	Sequence=AEC10705.1; Type=Erroneous gene model prediction; Evidence={ECO:0000305}	internal_difference_prefix1_suffix131_len366vs184	AT2G46493.1.TAIR10	366
Athaliana	AT2G28210.TAIR10	AT2G28210	swissprot_caution_erroneous_gene_model_prediction	F4IHR4	ATCA2_ARATH	2	Sequence=AAD29832.1; Type=Erroneous gene model prediction; Evidence={ECO:0000305}	internal_difference_prefix2_suffix213_len245vs217	AT2G28210.1.TAIR10	245
Athaliana	AT5G56330.TAIR10	AT5G56330	swissprot_caution_erroneous_gene_model_prediction;swissprot_caution_erroneous_termination	Q9FM99	ATCA8_ARATH	3	Sequence=AED96750.1; Type=Erroneous gene model prediction; Evidence={ECO:0000305} | Sequence=AED96750.1; Type=Erroneous termination; Note=Truncated C-terminus.; Evidence={ECO:0000305} | Sequence=BAB11260.1; Type=Erroneous gene model prediction; Evidence={ECO:0000305} | Sequence=BAB11260.1; Type=Erroneous termination; Note=Truncated C-terminus.; Evidence={ECO:0000305}	internal_difference_prefix296_suffix54_len389vs350	AT5G56330.1.TAIR10	389
Athaliana	AT3G19190.TAIR10	AT3G19190	swissprot_caution_erroneous_gene_model_prediction	F8S296	ATG2_ARATH	2	Sequence=AEE76206.1; Type=Erroneous gene model prediction; Evidence={ECO:0000305} | Sequence=BAB02960.1; Type=Erroneous gene model prediction; Note=Was originally thought to correspond to two different genes.; Evidence={ECO:0000305} | Sequence=BAB02961.1; Type=Erroneous gene model prediction; Note=Was originally thought to correspond to two different genes.; Evidence={ECO:0000305}	internal_difference_prefix1478_suffix27_len1892vs1839	AT3G19190.1.TAIR10	1892
Athaliana	AT4G15975.TAIR10	AT4G15975	swissprot_caution_erroneous_gene_model_prediction	Q8LF65	ATL17_ARATH	2	Sequence=CAB10376.1; Type=Erroneous gene model prediction; Note=The predicted gene At4g15970 has been split into 2 genes: At4g15970 and At4g15975.; Evidence={ECO:0000305} | Sequence=CAB78639.1; Type=Erroneous gene model prediction; Note=The predicted gene At4g15970 has been split into 2 genes: At4g15970 and At4g15975.; Evidence={ECO:0000305}	same_length_4_mismatches	AT4G15975.1.TAIR10	235
Athaliana	AT5G05810.TAIR10	AT5G05810	swissprot_caution_erroneous_initiation	Q5EAE9	ATL43_ARATH	2	Sequence=AAW81728.1; Type=Erroneous initiation; Note=Truncated N-terminus.; Evidence={ECO:0000305}	reference_shorter_by_54aa	AT5G05810.1.TAIR10	407
Athaliana	AT1G66240.TAIR10	AT1G66240	swissprot_caution_erroneous_initiation	Q94BT9	ATOX1_ARATH	1	Sequence=AAG51766.1; Type=Erroneous initiation; Note=Extended N-terminus.; Evidence={ECO:0000305} | Sequence=AAK64002.1; Type=Erroneous initiation; Note=Extended N-terminus.; Evidence={ECO:0000305} | Sequence=AAL76156.1; Type=Erroneous initiation; Note=Extended N-terminus.; Evidence={ECO:0000305} | Sequence=AEE34481.1; Type=Erroneous initiation; Note=Extended N-terminus.; Evidence={ECO:0000305}	reference_shorter_by_10aa	AT1G66240.2.TAIR10	76
Athaliana	ATMG01190.TAIR10	ATMG01190	swissprot_caution_erroneous_gene_model_prediction	P92549	ATPAM_ARATH	1	Sequence=AAM15496.1; Type=Erroneous gene model prediction; Evidence={ECO:0000305}	same_length_5_mismatches	ATMG01190.1.TAIR10	507
Athaliana	AT3G54830.TAIR10	AT3G54830	swissprot_caution_erroneous_gene_model_prediction	F4JE35	AVT1B_ARATH	3	Sequence=AEE79297.1; Type=Erroneous gene model prediction; Evidence={ECO:0000305} | Sequence=ANM64194.1; Type=Erroneous gene model prediction; Evidence={ECO:0000305} | Sequence=CAB41101.1; Type=Erroneous gene model prediction; Evidence={ECO:0000305}	internal_difference_prefix425_suffix0_len540vs546	AT3G54830.1.TAIR10	540
Athaliana	AT4G18260.TAIR10	AT4G18260	swissprot_caution_erroneous_gene_model_prediction	Q0WPS2	B561M_ARATH	2	Sequence=CAA16798.1; Type=Erroneous gene model prediction; Note=The predicted gene has been split into 2 genes: At4g18257 and At4g18260.; Evidence={ECO:0000305} | Sequence=CAB78828.1; Type=Erroneous gene model prediction; Note=The predicted gene has been split into 2 genes: At4g18257 and At4g18260.; Evidence={ECO:0000305}	internal_difference_prefix277_suffix0_len284vs545	AT4G18260.1.TAIR10	284
Athaliana	AT4G36780.TAIR10	AT4G36780	swissprot_caution_frameshift	Q94A43	BEH2_ARATH	1	Sequence=AEE86700.1; Type=Frameshift; Evidence={ECO:0000305} | Sequence=CAB16821.1; Type=Frameshift; Evidence={ECO:0000305} | Sequence=CAB80344.1; Type=Frameshift; Evidence={ECO:0000305}	internal_difference_prefix211_suffix0_len318vs265	AT4G36780.1.TAIR10	318
Athaliana	AT4G38590.TAIR10	AT4G38590	swissprot_caution_erroneous_gene_model_prediction	Q9SCU8	BGA14_ARATH	2	Sequence=CAB80523.1; Type=Erroneous gene model prediction; Evidence={ECO:0000305}	internal_difference_prefix1_suffix0_len887vs988	AT4G38590.1.TAIR10	887
Athaliana	AT1G45191.TAIR10	AT1G45191	swissprot_caution_erroneous_gene_model_prediction	Q3ECW8	BGL01_ARATH	3	Sequence=AEE32093.1; Type=Erroneous gene model prediction; Evidence={ECO:0000305} | Sequence=AEE32094.1; Type=Erroneous gene model prediction; Evidence={ECO:0000305}	internal_difference_prefix70_suffix447_len517vs529	AT1G45191.1.TAIR10	517
Athaliana	AT1G60260.TAIR10	AT1G60260	swissprot_caution_erroneous_gene_model_prediction;swissprot_caution_erroneous_termination	Q8RXN9	BGL05_ARATH	5	Sequence=AAC24061.1; Type=Erroneous gene model prediction; Evidence={ECO:0000305} | Sequence=AAC24061.1; Type=Erroneous termination; Note=Truncated C-terminus.; Evidence={ECO:0000305}	internal_difference_prefix306_suffix172_len500vs478	AT1G60260.1.TAIR10	500
Athaliana	AT5G57150.TAIR10	AT5G57150	swissprot_caution_erroneous_gene_model_prediction	Q2HIV9	BH035_ARATH	2	Sequence=BAA97365.1; Type=Erroneous gene model prediction; Evidence={ECO:0000305}	internal_difference_prefix214_suffix0_len248vs264	AT5G57150.4.TAIR10	248
Athaliana	AT1G31050.TAIR10	AT1G31050	swissprot_caution_erroneous_gene_model_prediction	Q9FYJ6	BH111_ARATH	2	Sequence=AEE31309.1; Type=Erroneous gene model prediction; Note=The predicted gene has been split into 2 genes: At1g31050 and At1g31060.; Evidence={ECO:0000305}	reference_longer_by_115aa	AT1G31050.1.TAIR10	319
Athaliana	AT4G05170.TAIR10	AT4G05170	swissprot_caution_erroneous_gene_model_prediction	Q9M0X8	BH114_ARATH	2	Sequence=CAB81059.1; Type=Erroneous gene model prediction; Evidence={ECO:0000305}	reference_shorter_by_60aa	AT4G05170.1.TAIR10	298
Athaliana	AT4G38070.TAIR10	AT4G38070	swissprot_caution_erroneous_gene_model_prediction	P0CB25	BH131_ARATH	2	Sequence=CAB37547.1; Type=Erroneous gene model prediction; Note=The predicted gene has been split into 3 genes: At4g38062, At4g38065 and At4g38070.; Evidence={ECO:0000305} | Sequence=CAB80472.1; Type=Erroneous gene model prediction; Note=The predicted gene has been split into 3 genes: At4g38062, At4g38065 and At4g38070.; Evidence={ECO:0000305}	reference_longer_by_1257aa	AT4G38070.1.TAIR10	256
Athaliana	AT3G43300.TAIR10	AT3G43300	swissprot_caution_erroneous_gene_model_prediction	F4IXW2	BIG5_ARATH	1	Sequence=AEE77785.1; Type=Erroneous gene model prediction; Evidence={ECO:0000305} | Sequence=AEE77786.1; Type=Erroneous gene model prediction; Evidence={ECO:0000305} | Sequence=CAB89051.1; Type=Erroneous gene model prediction; Evidence={ECO:0000305}	internal_difference_prefix429_suffix1310_len1739vs1758	AT3G43300.1.TAIR10	1739
Athaliana	AT5G11400.TAIR10	AT5G11400	swissprot_caution_erroneous_gene_model_prediction;swissprot_caution_frameshift	Q9LFL7	BKN1_ARATH	2	Sequence=ABE66152.1; Type=Frameshift; Evidence={ECO:0000305} | Sequence=AED91673.1; Type=Erroneous gene model prediction; Evidence={ECO:0000305} | Sequence=AED91673.1; Type=Frameshift; Evidence={ECO:0000305} | Sequence=CAB96675.1; Type=Erroneous gene model prediction; Evidence={ECO:0000305} | Sequence=CAB96675.1; Type=Frameshift; Evidence={ECO:0000305}	internal_difference_prefix27_suffix0_len331vs206	AT5G11400.1.TAIR10	331
Athaliana	AT1G68120.TAIR10	AT1G68120	swissprot_caution_erroneous_initiation	Q9C9X6	BPC3_ARATH	1	Sequence=AAY34178.1; Type=Erroneous initiation; Note=Extended N-terminus.; Evidence={ECO:0000305}	reference_longer_by_1aa	AT1G68120.1.TAIR10	269
Athaliana	AT3G57180.TAIR10	AT3G57180	swissprot_caution_erroneous_gene_model_prediction	Q8W4I6	BPG2_ARATH	1	Sequence=CAB68124.1; Type=Erroneous gene model prediction; Evidence={ECO:0000305}	same_length_432_mismatches	AT3G57180.1.TAIR10	660
Athaliana	AT2G30750.TAIR10	AT2G30750	swissprot_caution_erroneous_initiation	O49340	C71AC_ARATH	1	Sequence=AAM19850.1; Type=Erroneous initiation; Note=Extended N-terminus.; Evidence={ECO:0000305} | Sequence=AAN46800.1; Type=Erroneous initiation; Note=Extended N-terminus.; Evidence={ECO:0000305}	reference_longer_by_6aa	AT2G30750.1.TAIR10	497
Athaliana	AT4G20240.TAIR10	AT4G20240	swissprot_caution_erroneous_gene_model_prediction;swissprot_caution_frameshift	O65438	C71AR_ARATH	3	Sequence=AEE84289.1; Type=Erroneous gene model prediction; Evidence={ECO:0000305} | Sequence=AEE84289.1; Type=Frameshift; Evidence={ECO:0000305} | Sequence=CAA18249.1; Type=Erroneous gene model prediction; Note=The predicted gene has been split into 2 genes: At4g20235 and At4g20240.; Evidence={ECO:0000305} | Sequence=CAA18249.1; Type=Frameshift; Evidence={ECO:0000305} | Sequence=CAB79024.1; Type=Erroneous gene model prediction; Note=The predicted gene has been split into 2 genes: At4g20235 and At4g20240.; Evidence={ECO:0000305} | Sequence=CAB79024.1; Type=Frameshift; Evidence={ECO:0000305}	internal_difference_prefix415_suffix1_len499vs451	AT4G20240.1.TAIR10	499
Athaliana	AT4G20235.TAIR10	AT4G20235	swissprot_caution_erroneous_gene_model_prediction	P58047	C71AS_ARATH	3	Sequence=AEE84288.1; Type=Erroneous gene model prediction; Evidence={ECO:0000305} | Sequence=CAA18249.1; Type=Erroneous gene model prediction; Note=The predicted gene has been split into 2 genes: At4g20235 and At4g20240.; Evidence={ECO:0000305} | Sequence=CAB79024.1; Type=Erroneous gene model prediction; Note=The predicted gene has been split into 2 genes: At4g20235 and At4g20240.; Evidence={ECO:0000305}	internal_difference_prefix160_suffix0_len503vs340	AT4G20235.1.TAIR10	503
Athaliana	AT5G35715.TAIR10	AT5G35715	swissprot_caution_erroneous_initiation;swissprot_caution_frameshift	P58048	C71B8_ARATH	3	Sequence=AB011485; Type=Frameshift; Evidence={ECO:0000305} | Sequence=AED94008.1; Type=Erroneous initiation; Note=Truncated N-terminus.; Evidence={ECO:0000305} | Sequence=AED94008.1; Type=Frameshift; Evidence={ECO:0000305}	reference_shorter_by_64aa	AT5G35715.1.TAIR10	506
Athaliana	AT3G44250.TAIR10	AT3G44250	swissprot_caution_erroneous_gene_model_prediction	Q9LXM3	C71BZ_ARATH	2	Sequence=AEE77881.1; Type=Erroneous gene model prediction; Evidence={ECO:0000305} | Sequence=CAB88993.1; Type=Erroneous gene model prediction; Evidence={ECO:0000305}	internal_difference_prefix197_suffix299_len500vs499	AT3G44250.1.TAIR10	500
Athaliana	AT1G17060.TAIR10	AT1G17060	swissprot_caution_erroneous_gene_model_prediction;swissprot_caution_frameshift	Q9SHG5	C72C1_ARATH	2	Sequence=AAD50024.1; Type=Erroneous gene model prediction; Evidence={ECO:0000305} | Sequence=AAD50024.1; Type=Frameshift; Evidence={ECO:0000305}	internal_difference_prefix285_suffix191_len519vs476	AT1G17060.1.TAIR10	519
Athaliana	AT5G05260.TAIR10	AT5G05260	swissprot_caution_erroneous_initiation	Q9FLC8	C79A2_ARATH	1	Sequence=AAF70255.1; Type=Erroneous initiation; Note=Truncated N-terminus.; Evidence={ECO:0000305}	reference_shorter_by_6aa	AT5G05260.1.TAIR10	529
Athaliana	AT5G01490.TAIR10	AT5G01490	swissprot_caution_erroneous_gene_model_prediction	Q945S5	CAX4_ARATH	1	Sequence=CAB82265.1; Type=Erroneous gene model prediction; Evidence={ECO:0000305}	internal_difference_prefix441_suffix0_len446vs454	AT5G01490.1.TAIR10	446
Athaliana	AT1G55720.TAIR10	AT1G55720	swissprot_caution_erroneous_gene_model_prediction	Q9LFZ8	CAX6_ARATH	3	Sequence=AAF79505.1; Type=Erroneous gene model prediction; Evidence={ECO:0000305} | Sequence=AEE33289.1; Type=Erroneous gene model prediction; Evidence={ECO:0000305}	reference_longer_by_19aa	AT1G55720.1.TAIR10	448
Athaliana	AT5G25380.TAIR10	AT5G25380	swissprot_caution_erroneous_gene_model_prediction	Q39071	CCA21_ARATH	2	Sequence=AED93433.1; Type=Erroneous gene model prediction; Evidence={ECO:0000305}	internal_difference_prefix145_suffix292_len443vs437	AT5G25380.1.TAIR10	443
Athaliana	AT1G20590.TAIR10	AT1G20590	swissprot_caution_erroneous_gene_model_prediction	Q9LM91	CCB25_ARATH	3	Sequence=AAF80639.1; Type=Erroneous gene model prediction; Evidence={ECO:0000305}	internal_difference_prefix1_suffix197_len265vs199	AT1G20590.1.TAIR10	265
Athaliana	AT1G16330.TAIR10	AT1G16330	swissprot_caution_erroneous_gene_model_prediction	Q9SA32	CCB31_ARATH	3	Sequence=AAD34686.1; Type=Erroneous gene model prediction; Evidence={ECO:0000305} | Sequence=AEE29436.1; Type=Erroneous gene model prediction; Evidence={ECO:0000305}	internal_difference_prefix1_suffix375_len396vs648	AT1G16330.1.TAIR10	396
Athaliana	ATMG00960.TAIR10	ATMG00960	swissprot_caution_frameshift	Q33884	CCMF2_ARATH	1	Sequence=AC007143; Type=Frameshift; Evidence={ECO:0000305}	same_length_10_mismatches	ATMG00960.1.TAIR10	203
Athaliana	AT4G15130.TAIR10	AT4G15130	swissprot_caution_erroneous_gene_model_prediction	F4JJE0	CCT2_ARATH	1	Sequence=CAB45996.1; Type=Erroneous gene model prediction; Evidence={ECO:0000305} | Sequence=CAB78555.1; Type=Erroneous gene model prediction; Evidence={ECO:0000305}	same_length_113_mismatches	AT4G15130.1.TAIR10	304
Athaliana	AT4G04710.TAIR10	AT4G04710	swissprot_caution_erroneous_gene_model_prediction	Q9ZSA3	CDPKM_ARATH	3	Sequence=AAD03452.1; Type=Erroneous gene model prediction; Evidence={ECO:0000305} | Sequence=CAB80836.1; Type=Erroneous gene model prediction; Evidence={ECO:0000305}	internal_difference_prefix45_suffix0_len498vs575	AT4G04710.1.TAIR10	498
Athaliana	AT1G76040.TAIR10	AT1G76040	swissprot_caution_erroneous_gene_model_prediction;swissprot_caution_erroneous_initiation	Q8RWL2	CDPKT_ARATH	2	Sequence=AAF26765.1; Type=Erroneous gene model prediction; Note=The predicted gene has been split into 2 genes: At1g76040 and At1g76050.; Evidence={ECO:0000305} | Sequence=AEE35787.1; Type=Erroneous initiation; Note=Extended N-terminus.; Evidence={ECO:0000305}	reference_longer_by_27aa	AT1G76040.2.TAIR10	534
Athaliana	AT2G47390.TAIR10	AT2G47390	swissprot_caution_erroneous_gene_model_prediction	Q8VZF3	CGEP_ARATH	2	Sequence=AAB63841.1; Type=Erroneous gene model prediction; Evidence={ECO:0000305}	internal_difference_prefix428_suffix532_len960vs961	AT2G47390.1.TAIR10	960
Athaliana	AT5G20935.TAIR10	AT5G20935	swissprot_caution_erroneous_initiation	F4K6X0	CHR42_ARATH	1	Sequence=ABD38900.1; Type=Erroneous initiation; Note=Truncated N-terminus.; Evidence={ECO:0000305}	reference_shorter_by_13aa	AT5G20935.1.TAIR10	121
Athaliana	AT5G01690.TAIR10	AT5G01690	swissprot_caution_erroneous_gene_model_prediction	Q9M007	CHX27_ARATH	2	Sequence=CAB82285.1; Type=Erroneous gene model prediction; Evidence={ECO:0000305}	internal_difference_prefix244_suffix417_len767vs745	AT5G01690.1.TAIR10	767
Athaliana	AT2G28180.TAIR10	AT2G28180	swissprot_caution_erroneous_gene_model_prediction	Q58P71	CHX8_ARATH	2	Sequence=AAC98448.1; Type=Erroneous gene model prediction; Evidence={ECO:0000305}	reference_longer_by_31aa	AT2G28180.1.TAIR10	816
Athaliana	AT3G16940.TAIR10	AT3G16940	swissprot_caution_erroneous_initiation	Q9LSP8	CMTA6_ARATH	1	Sequence=BAD95048.1; Type=Erroneous initiation; Note=Truncated N-terminus.; Evidence={ECO:0000305}	internal_difference_prefix46_suffix0_len838vs845	AT3G16940.1.TAIR10	838
Athaliana	AT3G57060.TAIR10	AT3G57060	swissprot_caution_erroneous_gene_model_prediction	A0A1I9LM04	CNDD2_ARATH	2	Sequence=CAB72176.1; Type=Erroneous gene model prediction; Evidence={ECO:0000305}	internal_difference_prefix1370_suffix26_len1410vs1396	AT3G57060.1.TAIR10	1410
Athaliana	AT4G26180.TAIR10	AT4G26180	swissprot_caution_erroneous_gene_model_prediction	F4JU70	COAC2_ARATH	2	Sequence=CAB39683.1; Type=Erroneous gene model prediction; Evidence={ECO:0000305} | Sequence=CAB79473.1; Type=Erroneous gene model prediction; Evidence={ECO:0000305}	internal_difference_prefix144_suffix181_len331vs325	AT4G26180.1.TAIR10	331
Athaliana	AT5G24930.TAIR10	AT5G24930	swissprot_caution_frameshift	Q940T9	COL4_ARATH	2	Sequence=AAK96601.1; Type=Frameshift; Evidence={ECO:0000305} | Sequence=AAN28765.1; Type=Frameshift; Evidence={ECO:0000305}	reference_longer_by_44aa	AT5G24930.1.TAIR10	362
Athaliana	AT3G09800.TAIR10	AT3G09800	swissprot_caution_erroneous_gene_model_prediction	Q84LG4	COPZ2_ARATH	2	Sequence=AAF23255.1; Type=Erroneous gene model prediction; Evidence={ECO:0000305} | Sequence=AAF23308.1; Type=Erroneous gene model prediction; Evidence={ECO:0000305}	same_length_1_mismatches	AT3G09800.1.TAIR10	179
Athaliana	AT3G19610.TAIR10	AT3G19610	swissprot_caution_erroneous_gene_model_prediction	F4JCB3	CORD6_ARATH	2	Sequence=AEE76266.1; Type=Erroneous gene model prediction; Evidence={ECO:0000305} | Sequence=BAB02546.1; Type=Erroneous gene model prediction; Evidence={ECO:0000305}	reference_longer_by_28aa	AT3G19610.1.TAIR10	612
Athaliana	AT2G20120.TAIR10	AT2G20120	swissprot_caution_erroneous_initiation	F4IUE7	COV1_ARATH	1	Sequence=BAF02116.1; Type=Erroneous initiation; Note=Extended N-terminus.; Evidence={ECO:0000305}	same_length_1_mismatches	AT2G20120.1.TAIR10	268
Athaliana	AT4G23200.TAIR10	AT4G23200	swissprot_caution_erroneous_gene_model_prediction	O65472	CRK12_ARATH	3	Sequence=CAA18467.1; Type=Erroneous gene model prediction; Evidence={ECO:0000305} | Sequence=CAB79275.1; Type=Erroneous gene model prediction; Evidence={ECO:0000305}	internal_difference_prefix265_suffix345_len659vs648	AT4G23200.1.TAIR10	659
Athaliana	AT4G23220.TAIR10	AT4G23220	swissprot_caution_erroneous_gene_model_prediction;swissprot_caution_frameshift	Q8H199	CRK14_ARATH	2	Sequence=AAK62391.1; Type=Frameshift; Evidence={ECO:0000305} | Sequence=AAK62391.1; Type=Miscellaneous discrepancy; Note=Sequencing errors.; Evidence={ECO:0000305} | Sequence=CAA18469.1; Type=Erroneous gene model prediction; Evidence={ECO:0000305} | Sequence=CAA18469.1; Type=Frameshift; Evidence={ECO:0000305} | Sequence=CAB79277.1; Type=Erroneous gene model prediction; Evidence={ECO:0000305} | Sequence=CAB79277.1; Type=Frameshift; Evidence={ECO:0000305}	reference_longer_by_70aa	AT4G23220.1.TAIR10	658
Athaliana	AT4G23230.TAIR10	AT4G23230	swissprot_caution_erroneous_gene_model_prediction;swissprot_caution_erroneous_initiation	Q8W4G6	CRK15_ARATH	2	Sequence=AAL32647.1; Type=Erroneous initiation; Note=Truncated N-terminus.; Evidence={ECO:0000305} | Sequence=AAM91196.1; Type=Erroneous initiation; Note=Truncated N-terminus.; Evidence={ECO:0000305} | Sequence=CAA18470.1; Type=Erroneous gene model prediction; Evidence={ECO:0000305} | Sequence=CAB79278.1; Type=Erroneous gene model prediction; Evidence={ECO:0000305}	reference_shorter_by_120aa	AT4G23230.1.TAIR10	627
Athaliana	AT4G23240.TAIR10	AT4G23240	swissprot_caution_erroneous_gene_model_prediction	O65476	CRK16_ARATH	3	Sequence=CAA18471.1; Type=Erroneous gene model prediction; Evidence={ECO:0000305} | Sequence=CAB79279.1; Type=Erroneous gene model prediction; Evidence={ECO:0000305}	internal_difference_prefix1_suffix311_len662vs352	AT4G23240.1.TAIR10	662
Athaliana	AT4G23250.TAIR10	AT4G23250	swissprot_caution_erroneous_gene_model_prediction;swissprot_caution_erroneous_initiation	Q8L710	CRK17_ARATH	2	Sequence=AAC95354.1; Type=Erroneous gene model prediction; Evidence={ECO:0000305} | Sequence=AAM98174.1; Type=Erroneous initiation; Note=Truncated N-terminus.; Evidence={ECO:0000305} | Sequence=CAA18472.1; Type=Erroneous gene model prediction; Evidence={ECO:0000305} | Sequence=CAB79280.1; Type=Erroneous gene model prediction; Evidence={ECO:0000305}	internal_difference_prefix336_suffix0_len686vs1035	AT4G23250.1.TAIR10	686
Athaliana	AT4G23260.TAIR10	AT4G23260	swissprot_caution_erroneous_gene_model_prediction;swissprot_caution_erroneous_initiation	Q8RX80	CRK18_ARATH	2	Sequence=AAL90912.1; Type=Erroneous initiation; Evidence={ECO:0000305} | Sequence=AAN46814.1; Type=Erroneous initiation; Evidence={ECO:0000305} | Sequence=CAA18473.1; Type=Erroneous gene model prediction; Evidence={ECO:0000305} | Sequence=CAB79281.1; Type=Erroneous gene model prediction; Evidence={ECO:0000305}	same_length_2_mismatches	AT4G23260.1.TAIR10	659
Athaliana	AT1G19090.TAIR10	AT1G19090	swissprot_caution_frameshift	Q9LMB9	CRK1_ARATH	2	Sequence=AAC50044.1; Type=Frameshift; Evidence={ECO:0000305} | Sequence=AAF79292.1; Type=Frameshift; Evidence={ECO:0000305}	internal_difference_prefix329_suffix271_len615vs600	AT1G19090.1.TAIR10	615
Athaliana	AT4G23280.TAIR10	AT4G23280	swissprot_caution_erroneous_gene_model_prediction	O65479	CRK20_ARATH	2	Sequence=CAA18475.1; Type=Erroneous gene model prediction; Evidence={ECO:0000305} | Sequence=CAB79283.1; Type=Erroneous gene model prediction; Evidence={ECO:0000305}	internal_difference_prefix248_suffix408_len666vs656	AT4G23280.1.TAIR10	666
Athaliana	AT4G23320.TAIR10	AT4G23320	swissprot_caution_erroneous_gene_model_prediction;swissprot_caution_frameshift	O65483	CRK24_ARATH	3	Sequence=CAA18479.1; Type=Erroneous gene model prediction; Evidence={ECO:0000305} | Sequence=CAA18479.1; Type=Frameshift; Evidence={ECO:0000305} | Sequence=CAA20453.1; Type=Erroneous gene model prediction; Evidence={ECO:0000305} | Sequence=CAA20453.1; Type=Frameshift; Evidence={ECO:0000305} | Sequence=CAB79287.1; Type=Erroneous gene model prediction; Evidence={ECO:0000305} | Sequence=CAB79287.1; Type=Frameshift; Evidence={ECO:0000305}	internal_difference_prefix1_suffix68_len636vs437	AT4G23320.1.TAIR10	636
Athaliana	AT4G21400.TAIR10	AT4G21400	swissprot_caution_erroneous_gene_model_prediction	O65405	CRK28_ARATH	3	Sequence=CAA18704.1; Type=Erroneous gene model prediction; Evidence={ECO:0000305} | Sequence=CAA20205.1; Type=Erroneous gene model prediction; Evidence={ECO:0000305} | Sequence=CAB81247.1; Type=Erroneous gene model prediction; Evidence={ECO:0000305}	internal_difference_prefix447_suffix236_len683vs711	AT4G21400.1.TAIR10	683
Athaliana	AT1G70740.TAIR10	AT1G70740	swissprot_caution_erroneous_gene_model_prediction;swissprot_caution_erroneous_initiation	Q9CAC3	CRK43_ARATH	2	Sequence=AAG52342.1; Type=Erroneous gene model prediction; Evidence={ECO:0000305} | Sequence=AEE35109.1; Type=Erroneous gene model prediction; Evidence={ECO:0000305} | Sequence=BAC42109.1; Type=Erroneous initiation; Note=Truncated N-terminus.; Evidence={ECO:0000305}	reference_longer_by_12aa	AT1G70740.1.TAIR10	413
Athaliana	AT4G00960.TAIR10	AT4G00960	swissprot_caution_erroneous_gene_model_prediction	O23082	CRK44_ARATH	3	Sequence=AAB62862.1; Type=Erroneous gene model prediction; Evidence={ECO:0000305} | Sequence=CAB80905.1; Type=Erroneous gene model prediction; Evidence={ECO:0000305}	internal_difference_prefix139_suffix233_len379vs372	AT4G00960.1.TAIR10	379
Athaliana	AT4G23160.TAIR10	AT4G23160	swissprot_caution_erroneous_gene_model_prediction	O65468	CRK8_ARATH	3	Sequence=CAA18463.1; Type=Erroneous gene model prediction; Evidence={ECO:0000305} | Sequence=CAB79271.1; Type=Erroneous gene model prediction; Evidence={ECO:0000305}	reference_longer_by_586aa	AT4G23160.1.TAIR10	676
Athaliana	AT3G29050.TAIR10	AT3G29050	swissprot_caution_erroneous_gene_model_prediction	Q9LJW1	CRR14_ARATH	3	Sequence=AEE77529.1; Type=Erroneous gene model prediction; Evidence={ECO:0000305} | Sequence=BAB02947.1; Type=Erroneous gene model prediction; Evidence={ECO:0000305}	internal_difference_prefix1_suffix144_len285vs240	AT3G29050.1.TAIR10	285
Athaliana	AT3G21900.TAIR10	AT3G21900	swissprot_caution_erroneous_gene_model_prediction	Q9LRM3	CRR16_ARATH	3	Sequence=AEE76564.1; Type=Erroneous gene model prediction; Evidence={ECO:0000305} | Sequence=BAB01367.1; Type=Erroneous gene model prediction; Evidence={ECO:0000305}	internal_difference_prefix113_suffix137_len258vs250	AT3G21900.1.TAIR10	258
Athaliana	AT3G21940.TAIR10	AT3G21940	swissprot_caution_erroneous_gene_model_prediction;swissprot_caution_frameshift	Q9LRL7	CRR22_ARATH	5	Sequence=AEE76568.1; Type=Erroneous gene model prediction; Evidence={ECO:0000305} | Sequence=AEE76568.1; Type=Frameshift; Evidence={ECO:0000305} | Sequence=BAB01373.1; Type=Erroneous gene model prediction; Evidence={ECO:0000305} | Sequence=BAB01373.1; Type=Frameshift; Evidence={ECO:0000305}	internal_difference_prefix100_suffix157_len279vs275	AT3G21940.1.TAIR10	279
Athaliana	AT3G21945.TAIR10	AT3G21945	swissprot_caution_erroneous_gene_model_prediction;swissprot_caution_frameshift	Q9LRL6	CRR23_ARATH	5	Sequence=BAB01374.1; Type=Erroneous gene model prediction; Evidence={ECO:0000305} | Sequence=BAB01374.1; Type=Frameshift; Evidence={ECO:0000305}	internal_difference_prefix1_suffix108_len260vs152	AT3G21945.1.TAIR10	260
Athaliana	AT3G21980.TAIR10	AT3G21980	swissprot_caution_erroneous_gene_model_prediction;swissprot_caution_frameshift	Q9LRL0	CRR27_ARATH	5	Sequence=AEE76574.1; Type=Erroneous gene model prediction; Evidence={ECO:0000305} | Sequence=BAB01380.1; Type=Erroneous gene model prediction; Evidence={ECO:0000305} | Sequence=BAB01380.1; Type=Frameshift; Evidence={ECO:0000305}	internal_difference_prefix108_suffix117_len255vs225	AT3G21980.1.TAIR10	255
Athaliana	AT3G22020.TAIR10	AT3G22020	swissprot_caution_erroneous_gene_model_prediction;swissprot_caution_frameshift	Q9LRK5	CRR32_ARATH	5	Sequence=AEE76578.1; Type=Erroneous gene model prediction; Evidence={ECO:0000305} | Sequence=AEE76578.1; Type=Frameshift; Evidence={ECO:0000305} | Sequence=BAB01385.1; Type=Erroneous gene model prediction; Evidence={ECO:0000305} | Sequence=BAB01385.1; Type=Frameshift; Evidence={ECO:0000305}	internal_difference_prefix1_suffix0_len255vs207	AT3G22020.1.TAIR10	255
Athaliana	AT3G22030.TAIR10	AT3G22030	swissprot_caution_erroneous_gene_model_prediction	Q9LRK4	CRR33_ARATH	5	Sequence=AEE76580.1; Type=Erroneous gene model prediction; Evidence={ECO:0000305} | Sequence=BAB01386.1; Type=Erroneous gene model prediction; Evidence={ECO:0000305}	same_length_64_mismatches	AT3G22030.1.TAIR10	253
Athaliana	AT3G22053.TAIR10	AT3G22053	swissprot_caution_erroneous_gene_model_prediction;swissprot_caution_frameshift	Q9LRK1	CRR36_ARATH	5	Sequence=AEE76583.1; Type=Erroneous gene model prediction; Evidence={ECO:0000305} | Sequence=BAB01389.1; Type=Erroneous gene model prediction; Evidence={ECO:0000305} | Sequence=BAB01389.1; Type=Frameshift; Evidence={ECO:0000305}	internal_difference_prefix43_suffix0_len251vs149	AT3G22053.1.TAIR10	251
Athaliana	AT3G22057.TAIR10	AT3G22057	swissprot_caution_erroneous_gene_model_prediction;swissprot_caution_erroneous_termination	Q9LRK0	CRR37_ARATH	5	Sequence=AEE76584.1; Type=Erroneous gene model prediction; Evidence={ECO:0000305} | Sequence=BAB01390.1; Type=Erroneous gene model prediction; Evidence={ECO:0000305} | Sequence=BAB01390.1; Type=Erroneous termination; Note=Truncated C-terminus.; Evidence={ECO:0000305}	internal_difference_prefix1_suffix0_len254vs174	AT3G22057.1.TAIR10	254
Athaliana	AT1G63600.TAIR10	AT1G63600	swissprot_caution_erroneous_initiation	Q9CAC7	CRRS4_ARATH	3	Sequence=AAG52425.1; Type=Erroneous initiation; Note=Truncated N-terminus.; Evidence={ECO:0000305}	reference_shorter_by_3aa	AT1G63600.1.TAIR10	305
Athaliana	AT1G63560.TAIR10	AT1G63560	swissprot_caution_erroneous_initiation	Q9SH40	CRRS8_ARATH	2	Sequence=AAR20768.2; Type=Erroneous initiation; Note=Truncated N-terminus.; Evidence={ECO:0000305} | Sequence=AAR24761.1; Type=Erroneous initiation; Note=Truncated N-terminus.; Evidence={ECO:0000305}	reference_shorter_by_25aa	AT1G63560.1.TAIR10	284
Athaliana	AT5G24850.TAIR10	AT5G24850	swissprot_caution_erroneous_initiation	Q84KJ5	CRYD_ARATH	1	Sequence=AAL57669.1; Type=Erroneous initiation; Note=Truncated N-terminus.; Evidence={ECO:0000305}	reference_shorter_by_43aa	AT5G24850.1.TAIR10	569
Athaliana	AT4G16590.TAIR10	AT4G16590	swissprot_caution_erroneous_gene_model_prediction;swissprot_caution_erroneous_initiation;swissprot_caution_frameshift	Q84W54	CSLA1_ARATH	2	Sequence=BAD94168.1; Type=Frameshift; Evidence={ECO:0000305} | Sequence=BAD94550.1; Type=Erroneous initiation; Note=Truncated N-terminus.; Evidence={ECO:0000305} | Sequence=CAB10434.1; Type=Erroneous gene model prediction; Evidence={ECO:0000305} | Sequence=CAB10434.1; Type=Miscellaneous discrepancy; Note=Sequencing errors.; Evidence={ECO:0000305} | Sequence=CAB78701.1; Type=Erroneous gene model prediction; Evidence={ECO:0000305} | Sequence=CAB78701.1; Type=Miscellaneous discrepancy; Note=Sequencing errors.; Evidence={ECO:0000305}	internal_difference_prefix1_suffix398_len553vs401	AT4G16590.1.TAIR10	553
Athaliana	AT4G15320.TAIR10	AT4G15320	swissprot_caution_erroneous_gene_model_prediction	O23386	CSLB6_ARATH	2	Sequence=AEE83584.1; Type=Erroneous gene model prediction; Evidence={ECO:0000305} | Sequence=CAB10311.1; Type=Erroneous gene model prediction; Evidence={ECO:0000305} | Sequence=CAB78574.1; Type=Erroneous gene model prediction; Evidence={ECO:0000305}	internal_difference_prefix194_suffix1_len757vs828	AT4G15320.1.TAIR10	757
Athaliana	AT4G35335.TAIR10	AT4G35335	swissprot_caution_erroneous_gene_model_prediction	F4JN00	CSTR4_ARATH	2	Sequence=CAA18735.1; Type=Erroneous gene model prediction; Note=Was originally thought to correspond to two different genes At4g35330 and At4g35340.; Evidence={ECO:0000305} | Sequence=CAA18736.1; Type=Erroneous gene model prediction; Note=Was originally thought to correspond to two different genes At4g35330 and At4g35340.; Evidence={ECO:0000305} | Sequence=CAB80250.1; Type=Erroneous gene model prediction; Note=Was originally thought to correspond to two different genes At4g35330 and At4g35340.; Evidence={ECO:0000305} | Sequence=CAB80251.1; Type=Erroneous gene model prediction; Note=Was originally thought to correspond to two different genes At4g35330 and At4g35340.; Evidence={ECO:0000305}	same_length_253_mismatches	AT4G35335.1.TAIR10	352
Athaliana	AT4G09680.TAIR10	AT4G09680	swissprot_caution_erroneous_gene_model_prediction	D0EL35	CTC1_ARATH	1	Sequence=CAB39635.1; Type=Erroneous gene model prediction; Evidence={ECO:0000305} | Sequence=CAB78091.1; Type=Erroneous gene model prediction; Evidence={ECO:0000305}	internal_difference_prefix455_suffix0_len1272vs481	AT4G09680.2.TAIR10	1272
Athaliana	AT3G22460.TAIR10	AT3G22460	swissprot_caution_erroneous_gene_model_prediction	Q9LJA0	CYSK2_ARATH	5	Sequence=BAB01461.1; Type=Erroneous gene model prediction; Evidence={ECO:0000305}	internal_difference_prefix171_suffix0_len188vs305	AT3G22460.1.TAIR10	188
Athaliana	AT4G16680.TAIR10	AT4G16680	swissprot_caution_erroneous_gene_model_prediction	F4JMJ3	DEAH8_ARATH	2	Sequence=AEE83783.1; Type=Erroneous gene model prediction; Evidence={ECO:0000305}	internal_difference_prefix107_suffix0_len883vs656	AT4G16680.1.TAIR10	883
Athaliana	AT4G14272.TAIR10	AT4G14272	swissprot_caution_erroneous_gene_model_prediction	P0CAY0	DEF28_ARATH	5	Sequence=CAB10206.1; Type=Erroneous gene model prediction; Note=The predicted gene has been split into 3 genes: At4g14270, At4g14272 and At4g14276.; Evidence={ECO:0000305} | Sequence=CAB78469.1; Type=Erroneous gene model prediction; Note=The predicted gene has been split into 3 genes: At4g14270, At4g14272 and At4g14276.; Evidence={ECO:0000305}	reference_longer_by_14aa	AT4G14272.1.TAIR10	80
Athaliana	AT4G13235.TAIR10	AT4G13235	swissprot_caution_erroneous_gene_model_prediction	Q56XC2	DEF37_ARATH	3	Sequence=AEE83249.1; Type=Erroneous gene model prediction; Evidence={ECO:0000305} | Sequence=BAD93811.1; Type=Erroneous translation; Note=Wrong choice of frame.; Evidence={ECO:0000305} | Sequence=CAB41933.1; Type=Erroneous gene model prediction; Note=The predicted gene has been split into 2 genes: At4g13230 and At4g13235.; Evidence={ECO:0000305} | Sequence=CAB78365.1; Type=Erroneous gene model prediction; Note=The predicted gene has been split into 2 genes: At4g13230 and At4g13235.; Evidence={ECO:0000305}	internal_difference_prefix19_suffix65_len84vs91	AT4G13235.1.TAIR10	84
Athaliana	AT2G03937.TAIR10	AT2G03937	swissprot_caution_erroneous_gene_model_prediction;swissprot_caution_frameshift	Q4VNZ9	DEF58_ARATH	3	Sequence=AC007167; Type=Frameshift; Evidence={ECO:0000305} | Sequence=AEC05772.1; Type=Erroneous gene model prediction; Evidence={ECO:0000305} | Sequence=AEC05772.1; Type=Frameshift; Evidence={ECO:0000305} | Sequence=AEC05773.1; Type=Erroneous gene model prediction; Evidence={ECO:0000305} | Sequence=AEC05773.1; Type=Frameshift; Evidence={ECO:0000305}	reference_shorter_by_14aa	AT2G03937.2.TAIR10	75
Athaliana	AT1G65640.TAIR10	AT1G65640	swissprot_caution_erroneous_gene_model_prediction	Q9SHZ0	DEGP4_ARATH	2	Sequence=AAB60913.1; Type=Erroneous gene model prediction; Evidence={ECO:0000305}	internal_difference_prefix433_suffix1_len518vs436	AT1G65640.1.TAIR10	518
Athaliana	AT2G43530.TAIR10	AT2G43530	swissprot_caution_erroneous_initiation	O22867	DF194_ARATH	3	Sequence=AAB64336.1; Type=Erroneous initiation; Note=Extended N-terminus.; Evidence={ECO:0000305} | Sequence=BAH19844.1; Type=Erroneous initiation; Note=Extended N-terminus.; Evidence={ECO:0000305} | Sequence=CAG15162.1; Type=Erroneous initiation; Note=Extended N-terminus.; Evidence={ECO:0000305}	reference_longer_by_2aa	AT2G43530.1.TAIR10	83
Athaliana	AT2G43550.TAIR10	AT2G43550	swissprot_caution_erroneous_initiation	O22869	DF197_ARATH	3	Sequence=AAB64322.2; Type=Erroneous initiation; Note=Extended N-terminus.; Evidence={ECO:0000305}	reference_longer_by_14aa	AT2G43550.1.TAIR10	89
Athaliana	AT4G10767.TAIR10	AT4G10767	swissprot_caution_frameshift	P82640	DF237_ARATH	3	Sequence=AEE82926.1; Type=Frameshift; Evidence={ECO:0000305} | Sequence=AF080119; Type=Frameshift; Evidence={ECO:0000305} | Sequence=AL161518; Type=Frameshift; Evidence={ECO:0000305}	internal_difference_prefix80_suffix0_len97vs109	AT4G10767.1.TAIR10	97
Athaliana	AT3G16540.TAIR10	AT3G16540	swissprot_caution_erroneous_gene_model_prediction	Q9LK71	DGP11_ARATH	3	Sequence=BAB01153.1; Type=Erroneous gene model prediction; Evidence={ECO:0000305}	internal_difference_prefix443_suffix112_len560vs555	AT3G16540.1.TAIR10	560
Athaliana	AT1G56280.TAIR10	AT1G56280	swissprot_caution_erroneous_gene_model_prediction;swissprot_caution_frameshift	Q39083	DI191_ARATH	1	Sequence=AAG50925.1; Type=Erroneous gene model prediction; Evidence={ECO:0000305} | Sequence=AAG50925.1; Type=Frameshift; Evidence={ECO:0000305} | Sequence=AEE33372.1; Type=Erroneous gene model prediction; Evidence={ECO:0000305}	internal_difference_prefix80_suffix114_len206vs200	AT1G56280.1.TAIR10	206
Athaliana	AT4G18660.TAIR10	AT4G18660	swissprot_caution_erroneous_gene_model_prediction	Q9SN47	DOGL1_ARATH	2	Sequence=AEE84073.1; Type=Erroneous gene model prediction; Evidence={ECO:0000305}	reference_shorter_by_129aa	AT4G18660.1.TAIR10	281
Athaliana	AT4G18680.TAIR10	AT4G18680	swissprot_caution_erroneous_initiation	Q9SN45	DOGL2_ARATH	4	Sequence=AEE84075.1; Type=Erroneous initiation; Note=Truncated N-terminus.; Evidence={ECO:0000305} | Sequence=CAB37453.1; Type=Erroneous initiation; Note=Truncated N-terminus.; Evidence={ECO:0000305} | Sequence=CAB78870.1; Type=Erroneous initiation; Note=Truncated N-terminus.; Evidence={ECO:0000305}	reference_shorter_by_20aa	AT4G18680.1.TAIR10	255
Athaliana	AT1G59620.TAIR10	AT1G59620	swissprot_caution_erroneous_gene_model_prediction	Q9LQ54	DRL12_ARATH	2	Sequence=AAF79754.1; Type=Erroneous gene model prediction; Evidence={ECO:0000305}	internal_difference_prefix121_suffix216_len870vs842	AT1G59620.1.TAIR10	870
Athaliana	AT1G51480.TAIR10	AT1G51480	swissprot_caution_erroneous_gene_model_prediction	Q9C8K0	DRL5_ARATH	3	Sequence=AAG52625.1; Type=Erroneous gene model prediction; Evidence={ECO:0000305}	reference_longer_by_87aa	AT1G51480.1.TAIR10	854
Athaliana	AT1G52660.TAIR10	AT1G52660	swissprot_caution_erroneous_gene_model_prediction	Q9SSR8	DRL6_ARATH	3	Sequence=AEE32835.1; Type=Erroneous gene model prediction; Evidence={ECO:0000305}	internal_difference_prefix371_suffix0_len375vs379	AT1G52660.1.TAIR10	375
Athaliana	AT1G58400.TAIR10	AT1G58400	swissprot_caution_erroneous_gene_model_prediction	Q8W3K3	DRL8_ARATH	3	Sequence=AAG50637.1; Type=Erroneous gene model prediction; Evidence={ECO:0000305} | Sequence=AEE33545.1; Type=Erroneous gene model prediction; Evidence={ECO:0000305}	internal_difference_prefix293_suffix607_len910vs900	AT1G58400.1.TAIR10	910
Athaliana	AT2G41750.TAIR10	AT2G41750	swissprot_caution_erroneous_gene_model_prediction;swissprot_caution_erroneous_initiation	F4IL05	DTW2A_ARATH	1	Sequence=AAC02772.1; Type=Erroneous gene model prediction; Evidence={ECO:0000305} | Sequence=AAL69440.1; Type=Erroneous initiation; Note=Truncated N-terminus.; Evidence={ECO:0000305} | Sequence=BAC42687.1; Type=Erroneous initiation; Note=Truncated N-terminus.; Evidence={ECO:0000305}	reference_shorter_by_11aa	AT2G41750.1.TAIR10	264
Athaliana	AT2G47220.TAIR10	AT2G47220	swissprot_caution_erroneous_gene_model_prediction	Q0WNB1	DUF5_ARATH	1	Sequence=AAB63822.1; Type=Erroneous gene model prediction; Evidence={ECO:0000305} | Sequence=AEC10815.1; Type=Erroneous gene model prediction; Evidence={ECO:0000305}	internal_difference_prefix1_suffix237_len243vs469	AT2G47220.1.TAIR10	243
Athaliana	AT3G60460.TAIR10	AT3G60460	swissprot_caution_erroneous_initiation	A0A178VEK7	DUO1_ARATH	1	Sequence=ADL59373.1; Type=Erroneous initiation; Note=Truncated N-terminus.; Evidence={ECO:0000305} | Sequence=CAB81832.1; Type=Erroneous initiation; Note=Truncated N-terminus.; Evidence={ECO:0000305}	reference_shorter_by_3aa	AT3G60460.1.TAIR10	300
Athaliana	AT1G53708.TAIR10	AT1G53708	swissprot_caution_erroneous_gene_model_prediction	F4HTB2	DVL22_ARATH	3	Sequence=AEE32986.1; Type=Erroneous gene model prediction; Evidence={ECO:0000305}	internal_difference_prefix47_suffix0_len48vs109	AT1G53708.1.TAIR10	48
Athaliana	AT4G04260.TAIR10	AT4G04260	swissprot_caution_erroneous_gene_model_prediction	F4JGB7	EBSL_ARATH	3	Sequence=AAC28226.1; Type=Erroneous gene model prediction; Evidence={ECO:0000305} | Sequence=CAB77894.1; Type=Erroneous gene model prediction; Evidence={ECO:0000305}	reference_shorter_by_47aa	AT4G04260.1.TAIR10	240
Athaliana	AT1G55500.TAIR10	AT1G55500	swissprot_caution_erroneous_gene_model_prediction	A0A1P8AS03	ECT4_ARATH	2	Sequence=AAD10646.1; Type=Erroneous gene model prediction; Evidence={ECO:0000305}	internal_difference_prefix587_suffix0_len605vs599	AT1G55500.2.TAIR10	605
Athaliana	AT4G04760.TAIR10	AT4G04760	swissprot_caution_erroneous_gene_model_prediction	Q9M0Z9	EDL15_ARATH	3	Sequence=AAD03460.1; Type=Erroneous gene model prediction; Evidence={ECO:0000305} | Sequence=CAB80841.1; Type=Erroneous gene model prediction; Evidence={ECO:0000305}	internal_difference_prefix69_suffix123_len478vs467	AT4G04760.1.TAIR10	478
Athaliana	AT1G58210.TAIR10	AT1G58210	swissprot_caution_erroneous_gene_model_prediction	Q8RWD7	EMB74_ARATH	2	Sequence=AAG50760.1; Type=Erroneous gene model prediction; Note=The predicted gene At1g58210 has been split into 2 genes: At1g58210 and At1g58215.; Evidence={ECO:0000305}	internal_difference_prefix280_suffix0_len281vs1246	AT1G58210.1.TAIR10	281
Athaliana	AT2G29790.TAIR10	AT2G29790	swissprot_caution_erroneous_gene_model_prediction	O82377	ESFL6_ARATH	3	Sequence=AAC35222.1; Type=Erroneous gene model prediction; Evidence={ECO:0000305} | Sequence=AAT06403.1; Type=Miscellaneous discrepancy; Note=Intron retention.; Evidence={ECO:0000305}	internal_difference_prefix21_suffix0_len77vs80	AT2G29790.1.TAIR10	77
Athaliana	AT3G51770.TAIR10	AT3G51770	swissprot_caution_erroneous_gene_model_prediction;swissprot_caution_erroneous_initiation	O65020	ETO1_ARATH	1	Sequence=AAC14404.1; Type=Erroneous gene model prediction; Evidence={ECO:0000305} | Sequence=AAC14404.1; Type=Erroneous initiation; Note=Extended N-terminus.; Evidence={ECO:0000305}	same_length_1_mismatches	AT3G51770.1.TAIR10	951
Athaliana	AT5G58550.TAIR10	AT5G58550	swissprot_caution_erroneous_initiation	Q9LV01	ETOL2_ARATH	1	Sequence=BAA97325.1; Type=Erroneous initiation; Note=Truncated N-terminus.; Evidence={ECO:0000305}	same_length_1_mismatches	AT5G58550.1.TAIR10	925
Athaliana	AT1G75920.TAIR10	AT1G75920	swissprot_caution_erroneous_gene_model_prediction	Q94CH5	EXL5_ARATH	2	Sequence=AAF26758.2; Type=Erroneous gene model prediction; Evidence={ECO:0000305}	reference_shorter_by_5aa	AT1G75920.1.TAIR10	358
Athaliana	AT5G39270.TAIR10	AT5G39270	swissprot_caution_erroneous_initiation	Q9FL80	EXP22_ARATH	2	Sequence=BAB09382.1; Type=Erroneous initiation; Note=Truncated N-terminus.; Evidence={ECO:0000305}	reference_shorter_by_16aa	AT5G39270.1.TAIR10	279
Athaliana	AT5G39280.TAIR10	AT5G39280	swissprot_caution_erroneous_initiation	Q9FL79	EXP23_ARATH	2	Sequence=BAB09383.1; Type=Erroneous initiation; Note=Truncated N-terminus.; Evidence={ECO:0000305}	reference_shorter_by_16aa	AT5G39280.1.TAIR10	275
Athaliana	AT5G39310.TAIR10	AT5G39310	swissprot_caution_erroneous_gene_model_prediction	Q9FL76	EXP24_ARATH	2	Sequence=BAB09386.1; Type=Erroneous gene model prediction; Evidence={ECO:0000305}	reference_shorter_by_16aa	AT5G39310.1.TAIR10	312
Athaliana	AT5G39300.TAIR10	AT5G39300	swissprot_caution_erroneous_initiation	Q9FL77	EXP25_ARATH	2	Sequence=BAB09385.1; Type=Erroneous initiation; Note=Truncated N-terminus.; Evidence={ECO:0000305} | Sequence=BX832887; Type=Miscellaneous discrepancy; Note=Sequencing errors.; Evidence={ECO:0000305}	reference_shorter_by_16aa	AT5G39300.1.TAIR10	276
Athaliana	AT5G39290.TAIR10	AT5G39290	swissprot_caution_erroneous_initiation	Q9FL78	EXP26_ARATH	3	Sequence=BAB09384.1; Type=Erroneous initiation; Note=Truncated N-terminus.; Evidence={ECO:0000305}	reference_shorter_by_16aa	AT5G39290.1.TAIR10	279
Athaliana	AT3G60570.TAIR10	AT3G60570	swissprot_caution_erroneous_gene_model_prediction	Q9M203	EXPB5_ARATH	2	Sequence=CAB81843.1; Type=Erroneous gene model prediction; Evidence={ECO:0000305}	internal_difference_prefix146_suffix106_len264vs252	AT3G60570.1.TAIR10	264
Athaliana	AT1G76930.TAIR10	AT1G76930	swissprot_caution_erroneous_gene_model_prediction	Q38913	EXTN1_ARATH	2	Sequence=AAA85899.1; Type=Miscellaneous discrepancy; Note=In cv. Landsberg erecta, absence of several repeats.; Evidence={ECO:0000305} | Sequence=AEE35904.1; Type=Erroneous gene model prediction; Evidence={ECO:0000305} | Sequence=AEE35905.1; Type=Erroneous gene model prediction; Evidence={ECO:0000305}	internal_difference_prefix1_suffix0_len373vs293	AT1G76930.1.TAIR10	373
Athaliana	AT3G54590.TAIR10	AT3G54590	swissprot_caution_erroneous_gene_model_prediction;swissprot_caution_frameshift	Q9M1G9	EXTN2_ARATH	2	Sequence=AEE79253.1; Type=Erroneous gene model prediction; Evidence={ECO:0000305} | Sequence=BAB21544.1; Type=Frameshift; Evidence={ECO:0000305} | Sequence=BAB21544.1; Type=Miscellaneous discrepancy; Note=Incomplete cDNA clone.; Evidence={ECO:0000305}	internal_difference_prefix1_suffix565_len743vs699	AT3G54590.1.TAIR10	743
Athaliana	AT4G15940.TAIR10	AT4G15940	swissprot_caution_erroneous_gene_model_prediction	Q93ZE5	FAHD1_ARATH	1	Sequence=AEE83668.1; Type=Erroneous gene model prediction; Evidence={ECO:0000305} | Sequence=CAB46032.1; Type=Erroneous gene model prediction; Evidence={ECO:0000305} | Sequence=CAB78636.1; Type=Erroneous gene model prediction; Evidence={ECO:0000305}	internal_difference_prefix179_suffix43_len223vs222	AT4G15940.1.TAIR10	223
Athaliana	AT1G35530.TAIR10	AT1G35530	swissprot_caution_erroneous_gene_model_prediction	I3XHK1	FANCM_ARATH	2	Sequence=AAF79368.1; Type=Erroneous gene model prediction; Evidence={ECO:0000305}	internal_difference_prefix110_suffix186_len1344vs1324	AT1G35530.1.TAIR10	1344
Athaliana	AT2G21930.TAIR10	AT2G21930	swissprot_caution_erroneous_initiation	Q9SJ06	FB115_ARATH	2	Sequence=AAO86824.1; Type=Erroneous initiation; Note=Truncated N-terminus.; Evidence={ECO:0000305}	reference_shorter_by_61aa	AT2G21930.1.TAIR10	396
Athaliana	AT3G17500.TAIR10	AT3G17500	swissprot_caution_erroneous_gene_model_prediction	Q9LUP7	FB154_ARATH	4	Sequence=AEE75961.1; Type=Erroneous gene model prediction; Evidence={ECO:0000305}	internal_difference_prefix1_suffix0_len381vs438	AT3G17500.1.TAIR10	381
Athaliana	AT3G22650.TAIR10	AT3G22650	swissprot_caution_erroneous_gene_model_prediction	Q9LUJ6	FB176_ARATH	4	Sequence=AEE76661.1; Type=Erroneous gene model prediction; Evidence={ECO:0000305}	internal_difference_prefix193_suffix179_len383vs372	AT3G22650.1.TAIR10	383
Athaliana	AT3G23420.TAIR10	AT3G23420	swissprot_caution_erroneous_gene_model_prediction	Q9LW55	FB180_ARATH	4	Sequence=AEE76763.1; Type=Erroneous gene model prediction; Evidence={ECO:0000305}	internal_difference_prefix1_suffix0_len268vs285	AT3G23420.1.TAIR10	268
Athaliana	AT3G24700.TAIR10	AT3G24700	swissprot_caution_erroneous_gene_model_prediction	Q9LJ39	FB185_ARATH	4	Sequence=AEE76937.1; Type=Erroneous gene model prediction; Evidence={ECO:0000305}	internal_difference_prefix219_suffix0_len270vs249	AT3G24700.1.TAIR10	270
Athaliana	AT3G25750.TAIR10	AT3G25750	swissprot_caution_erroneous_gene_model_prediction	Q9LS04	FB187_ARATH	4	Sequence=AEE77064.1; Type=Erroneous gene model prediction; Evidence={ECO:0000305} | Sequence=BAA95762.1; Type=Erroneous gene model prediction; Evidence={ECO:0000305}	internal_difference_prefix164_suffix184_len362vs348	AT3G25750.1.TAIR10	362
Athaliana	AT3G29830.TAIR10	AT3G29830	swissprot_caution_erroneous_gene_model_prediction	Q9LJ48	FB191_ARATH	4	Sequence=AAG12672.1; Type=Erroneous gene model prediction; Evidence={ECO:0000305} | Sequence=AEE77617.1; Type=Erroneous gene model prediction; Evidence={ECO:0000305}	internal_difference_prefix369_suffix87_len463vs464	AT3G29830.1.TAIR10	463
Athaliana	AT3G49510.TAIR10	AT3G49510	swissprot_caution_erroneous_gene_model_prediction	Q9CA02	FB198_ARATH	2	Sequence=CAB62455.1; Type=Erroneous gene model prediction; Evidence={ECO:0000305}	internal_difference_prefix362_suffix15_len388vs662	AT3G49510.1.TAIR10	388
Athaliana	AT3G55900.TAIR10	AT3G55900	swissprot_caution_erroneous_gene_model_prediction	Q6AWW4	FB203_ARATH	2	Sequence=AEE79455.1; Type=Erroneous gene model prediction; Evidence={ECO:0000305} | Sequence=CAB87844.1; Type=Erroneous gene model prediction; Evidence={ECO:0000305}	internal_difference_prefix79_suffix0_len148vs107	AT3G55900.1.TAIR10	148
Athaliana	AT3G59150.TAIR10	AT3G59150	swissprot_caution_erroneous_gene_model_prediction	Q9LX56	FB212_ARATH	1	Sequence=CAB86943.1; Type=Erroneous gene model prediction; Note=The predicted gene At3g59150 has been split into 2 genes: At3g59150 and At3g59160.; Evidence={ECO:0000305}	reference_longer_by_34aa	AT3G59150.1.TAIR10	475
Athaliana	AT5G38810.TAIR10	AT5G38810	swissprot_caution_erroneous_gene_model_prediction	Q9FMC1	FB269_ARATH	4	Sequence=AED94362.1; Type=Erroneous gene model prediction; Evidence={ECO:0000305}	internal_difference_prefix107_suffix0_len267vs259	AT5G38810.1.TAIR10	267
Athaliana	AT5G60560.TAIR10	AT5G60560	swissprot_caution_erroneous_gene_model_prediction	Q9FKJ1	FB296_ARATH	4	Sequence=AED97345.1; Type=Erroneous gene model prediction; Evidence={ECO:0000305}	internal_difference_prefix349_suffix25_len407vs374	AT5G60560.1.TAIR10	407
Athaliana	AT1G53360.TAIR10	AT1G53360	swissprot_caution_erroneous_gene_model_prediction	Q3ECR3	FB305_ARATH	4	Sequence=AAF69538.1; Type=Erroneous gene model prediction; Note=The predicted gene has been split into 2 genes: At1g53350 and At1g53360.; Evidence={ECO:0000305} | Sequence=AEE32930.1; Type=Erroneous gene model prediction; Evidence={ECO:0000305}	reference_shorter_by_41aa	AT1G53360.1.TAIR10	384
Athaliana	AT1G30925.TAIR10	AT1G30925	swissprot_caution_erroneous_gene_model_prediction	P0C2G3	FB308_ARATH	4	Sequence=AAF98191.1; Type=Erroneous gene model prediction; Note=The predicted gene has been split into 3 genes: At1g30920, At1g30921 and At1g30925.; Evidence={ECO:0000305}	reference_shorter_by_149aa	AT1G30925.1.TAIR10	523
Athaliana	AT3G22700.TAIR10	AT3G22700	swissprot_caution_erroneous_initiation	Q9LUJ1	FB324_ARATH	2	Sequence=AAY78752.1; Type=Erroneous initiation; Note=Truncated N-terminus.; Evidence={ECO:0000305}	reference_shorter_by_1aa	AT3G22700.1.TAIR10	339
Athaliana	AT3G61730.TAIR10	AT3G61730	swissprot_caution_erroneous_gene_model_prediction	Q9M365	FB331_ARATH	1	Sequence=CAB71103.1; Type=Erroneous gene model prediction; Evidence={ECO:0000305}	internal_difference_prefix168_suffix186_len359vs354	AT3G61730.1.TAIR10	359
Athaliana	AT1G67455.TAIR10	AT1G67455	swissprot_caution_erroneous_gene_model_prediction	O64800	FB344_ARATH	4	Sequence=AAC18790.1; Type=Erroneous gene model prediction; Evidence={ECO:0000305} | Sequence=AEE34648.1; Type=Erroneous gene model prediction; Evidence={ECO:0000305}	internal_difference_prefix55_suffix88_len343vs216	AT1G67455.1.TAIR10	343
Athaliana	AT1G48060.TAIR10	AT1G48060	swissprot_caution_erroneous_gene_model_prediction	Q9LNF6	FB48_ARATH	2	Sequence=AAF79533.1; Type=Erroneous gene model prediction; Evidence={ECO:0000305} | Sequence=AAG51533.1; Type=Erroneous gene model prediction; Evidence={ECO:0000305}	reference_shorter_by_12aa	AT1G48060.1.TAIR10	365
Athaliana	AT1G49610.TAIR10	AT1G49610	swissprot_caution_erroneous_gene_model_prediction;swissprot_caution_frameshift	Q9FX89	FB50_ARATH	4	Sequence=AAG13047.1; Type=Erroneous gene model prediction; Evidence={ECO:0000305} | Sequence=AAG13047.1; Type=Frameshift; Evidence={ECO:0000305} | Sequence=AEE32449.1; Type=Frameshift; Evidence={ECO:0000305}	internal_difference_prefix148_suffix0_len385vs354	AT1G49610.1.TAIR10	385
Athaliana	AT1G52490.TAIR10	AT1G52490	swissprot_caution_erroneous_gene_model_prediction	Q7G9E7	FB54_ARATH	4	Sequence=AAD55614.1; Type=Erroneous gene model prediction; Evidence={ECO:0000305}	reference_longer_by_302aa	AT1G52490.1.TAIR10	211
Athaliana	AT1G53370.TAIR10	AT1G53370	swissprot_caution_erroneous_gene_model_prediction	Q9MAG5	FB56_ARATH	4	Sequence=AAF69539.1; Type=Erroneous gene model prediction; Evidence={ECO:0000305} | Sequence=AEE32932.1; Type=Erroneous gene model prediction; Evidence={ECO:0000305}	internal_difference_prefix130_suffix225_len376vs355	AT1G53370.1.TAIR10	376
Athaliana	AT1G59680.TAIR10	AT1G59680	swissprot_caution_erroneous_gene_model_prediction;swissprot_caution_erroneous_termination;swissprot_caution_frameshift	Q9LQ46	FB67_ARATH	4	Sequence=AAF79759.1; Type=Erroneous gene model prediction; Evidence={ECO:0000305} | Sequence=AAF79759.1; Type=Erroneous termination; Note=Truncated C-terminus.; Evidence={ECO:0000305} | Sequence=AAF79759.1; Type=Frameshift; Evidence={ECO:0000305} | Sequence=AEE33603.1; Type=Erroneous gene model prediction; Evidence={ECO:0000305} | Sequence=AEE33603.1; Type=Erroneous termination; Note=Truncated C-terminus.; Evidence={ECO:0000305} | Sequence=AEE33603.1; Type=Frameshift; Evidence={ECO:0000305}	internal_difference_prefix1_suffix148_len364vs264	AT1G59680.1.TAIR10	364
Athaliana	AT1G66490.TAIR10	AT1G66490	swissprot_caution_erroneous_gene_model_prediction	Q1PFG1	FB74_ARATH	2	Sequence=AAG51152.1; Type=Erroneous gene model prediction; Evidence={ECO:0000305} | Sequence=AEE34515.1; Type=Erroneous gene model prediction; Evidence={ECO:0000305}	internal_difference_prefix148_suffix211_len370vs360	AT1G66490.1.TAIR10	370
Athaliana	AT1G67130.TAIR10	AT1G67130	swissprot_caution_erroneous_gene_model_prediction;swissprot_caution_frameshift	Q3ECH0	FB75_ARATH	2	Sequence=AC004146; Type=Frameshift; Evidence={ECO:0000305} | Sequence=AEE34599.1; Type=Erroneous gene model prediction; Evidence={ECO:0000305} | Sequence=BT012027; Type=Frameshift; Evidence={ECO:0000305}	internal_difference_prefix126_suffix182_len454vs391	AT1G67130.1.TAIR10	454
Athaliana	AT3G52670.TAIR10	AT3G52670	swissprot_caution_erroneous_gene_model_prediction	Q9LXJ7	FBD11_ARATH	4	Sequence=CAB89228.1; Type=Erroneous gene model prediction; Evidence={ECO:0000305}	internal_difference_prefix60_suffix323_len416vs384	AT3G52670.1.TAIR10	416
Athaliana	AT5G22720.TAIR10	AT5G22720	swissprot_caution_erroneous_gene_model_prediction	Q9FNI9	FBD14_ARATH	4	Sequence=BAB11678.1; Type=Erroneous gene model prediction; Evidence={ECO:0000305}	internal_difference_prefix319_suffix1_len468vs642	AT5G22720.1.TAIR10	468
Athaliana	AT5G44490.TAIR10	AT5G44490	swissprot_caution_erroneous_gene_model_prediction	Q9FI16	FBD18_ARATH	2	Sequence=BAB09156.1; Type=Erroneous gene model prediction; Evidence={ECO:0000305}	internal_difference_prefix204_suffix251_len481vs455	AT5G44490.1.TAIR10	481
Athaliana	AT5G50270.TAIR10	AT5G50270	swissprot_caution_erroneous_gene_model_prediction	Q9FGR8	FBD19_ARATH	4	Sequence=BAB09398.1; Type=Erroneous gene model prediction; Evidence={ECO:0000305}	internal_difference_prefix262_suffix119_len408vs381	AT5G50270.1.TAIR10	408
Athaliana	AT5G53640.TAIR10	AT5G53640	swissprot_caution_erroneous_gene_model_prediction	Q9FJC0	FBD20_ARATH	4	Sequence=AED96390.2; Type=Erroneous gene model prediction; Evidence={ECO:0000305} | Sequence=BAB09740.1; Type=Erroneous gene model prediction; Evidence={ECO:0000305}	internal_difference_prefix209_suffix251_len460vs517	AT5G53640.1.TAIR10	460
Athaliana	AT5G56560.TAIR10	AT5G56560	swissprot_caution_erroneous_gene_model_prediction	Q9FJV2	FBD27_ARATH	4	Sequence=AED96781.1; Type=Erroneous gene model prediction; Evidence={ECO:0000305} | Sequence=BAB09873.1; Type=Erroneous gene model prediction; Evidence={ECO:0000305}	internal_difference_prefix189_suffix229_len418vs607	AT5G56560.1.TAIR10	418
Athaliana	AT5G56700.TAIR10	AT5G56700	swissprot_caution_erroneous_gene_model_prediction;swissprot_caution_frameshift	Q9FJU2	FBD37_ARATH	2	Sequence=BAB09888.1; Type=Erroneous gene model prediction; Evidence={ECO:0000305} | Sequence=BAB09888.1; Type=Frameshift; Evidence={ECO:0000305}	internal_difference_prefix28_suffix310_len398vs360	AT5G56700.1.TAIR10	398
Athaliana	AT3G27910.TAIR10	AT3G27910	swissprot_caution_erroneous_gene_model_prediction;swissprot_caution_frameshift	Q9LK86	FBK71_ARATH	4	Sequence=AEE77379.1; Type=Erroneous gene model prediction; Evidence={ECO:0000305} | Sequence=AEE77379.1; Type=Frameshift; Evidence={ECO:0000305} | Sequence=BAB02537.1; Type=Erroneous gene model prediction; Evidence={ECO:0000305} | Sequence=BAB02537.1; Type=Frameshift; Evidence={ECO:0000305}	internal_difference_prefix1_suffix249_len384vs294	AT3G27910.1.TAIR10	384
Athaliana	AT4G19330.TAIR10	AT4G19330	swissprot_caution_erroneous_gene_model_prediction	O65704	FBK83_ARATH	4	Sequence=CAA18620.1; Type=Erroneous gene model prediction; Note=The predicted gene has been split into 2 genes: At4g19275 and At4g19330.; Evidence={ECO:0000303|Ref.1} | Sequence=CAB78935.1; Type=Erroneous gene model prediction; Note=The predicted gene has been split into 2 genes: At4g19275 and At4g19330.; Evidence={ECO:0000303|Ref.1}	internal_difference_prefix1_suffix0_len383vs537	AT4G19330.1.TAIR10	383
Athaliana	AT4G22430.TAIR10	AT4G22430	swissprot_caution_erroneous_gene_model_prediction;swissprot_caution_erroneous_termination	Q1PE57	FBK87_ARATH	4	Sequence=ABK28256.1; Type=Erroneous termination; Note=Extended C-terminus.; Evidence={ECO:0000305} | Sequence=CAB52817.1; Type=Erroneous gene model prediction; Evidence={ECO:0000305} | Sequence=CAB79198.1; Type=Erroneous gene model prediction; Evidence={ECO:0000305}	reference_longer_by_14aa	AT4G22430.1.TAIR10	413
Athaliana	AT2G36370.TAIR10	AT2G36370	swissprot_caution_erroneous_gene_model_prediction	Q8S8F2	FBL11_ARATH	2	Sequence=AAM15321.1; Type=Erroneous gene model prediction; Evidence={ECO:0000305}	reference_shorter_by_42aa	AT2G36370.1.TAIR10	940
Athaliana	AT1G48400.TAIR10	AT1G48400	swissprot_caution_erroneous_gene_model_prediction	Q56XW8	FBL30_ARATH	2	Sequence=AAD49757.1; Type=Erroneous gene model prediction; Evidence={ECO:0000305} | Sequence=AEE32285.1; Type=Erroneous gene model prediction; Evidence={ECO:0000305}	internal_difference_prefix299_suffix188_len487vs513	AT1G48400.1.TAIR10	487
Athaliana	AT1G52650.TAIR10	AT1G52650	swissprot_caution_erroneous_initiation	Q9SSR7	FBL31_ARATH	2	Sequence=BAD43375.1; Type=Erroneous initiation; Note=Extended N-terminus.; Evidence={ECO:0000305}	reference_longer_by_42aa	AT1G52650.1.TAIR10	465
Athaliana	AT3G18150.TAIR10	AT3G18150	swissprot_caution_erroneous_gene_model_prediction	Q9LV26	FBL45_ARATH	4	Sequence=BAB02027.1; Type=Erroneous gene model prediction; Evidence={ECO:0000305}	same_length_270_mismatches	AT3G18150.1.TAIR10	456
Athaliana	AT3G60040.TAIR10	AT3G60040	swissprot_caution_erroneous_gene_model_prediction;swissprot_caution_erroneous_initiation	Q8GWI2	FBL69_ARATH	2	Sequence=AEE80005.1; Type=Erroneous gene model prediction; Evidence={ECO:0000305} | Sequence=AEE80005.1; Type=Erroneous initiation; Note=Extended N-terminus.; Evidence={ECO:0000305} | Sequence=CAB75919.1; Type=Erroneous gene model prediction; Evidence={ECO:0000305}	internal_difference_prefix1_suffix0_len449vs838	AT3G60040.1.TAIR10	449
Athaliana	AT5G63520.TAIR10	AT5G63520	swissprot_caution_frameshift	Q9FMV0	FBL91_ARATH	2	Sequence=BAC42965.1; Type=Frameshift; Evidence={ECO:0000305}	reference_shorter_by_10aa	AT5G63520.1.TAIR10	529
Athaliana	AT4G15060.TAIR10	AT4G15060	swissprot_caution_erroneous_gene_model_prediction	O23360	FBL93_ARATH	4	Sequence=AEE83548.1; Type=Erroneous gene model prediction; Evidence={ECO:0000305} | Sequence=CAB10285.1; Type=Erroneous gene model prediction; Evidence={ECO:0000305} | Sequence=CAB78548.1; Type=Erroneous gene model prediction; Evidence={ECO:0000305}	internal_difference_prefix1_suffix75_len426vs539	AT4G15060.1.TAIR10	426
Athaliana	AT5G25040.TAIR10	AT5G25040	swissprot_caution_erroneous_gene_model_prediction	F4KIL8	FBT5_ARATH	2	Sequence=AED93392.1; Type=Erroneous gene model prediction; Evidence={ECO:0000305}	internal_difference_prefix423_suffix34_len492vs457	AT5G25040.1.TAIR10	492
Athaliana	AT2G33280.TAIR10	AT2G33280	swissprot_caution_erroneous_initiation	O22780	FBT9_ARATH	3	Sequence=AAB80646.1; Type=Erroneous initiation; Note=Truncated N-terminus.; Evidence={ECO:0000305}	reference_shorter_by_130aa	AT2G33280.1.TAIR10	538
Athaliana	AT2G03560.TAIR10	AT2G03560	swissprot_caution_erroneous_gene_model_prediction	Q9ZPS0	FBX7_ARATH	2	Sequence=AAD20064.2; Type=Erroneous gene model prediction; Evidence={ECO:0000305}	internal_difference_prefix372_suffix0_len395vs453	AT2G03560.1.TAIR10	395
Athaliana	AT5G22610.TAIR10	AT5G22610	swissprot_caution_erroneous_gene_model_prediction	Q9FNK0	FDL30_ARATH	4	Sequence=AED93051.1; Type=Erroneous gene model prediction; Evidence={ECO:0000305}	internal_difference_prefix212_suffix260_len502vs472	AT5G22610.1.TAIR10	502
Athaliana	AT5G44960.TAIR10	AT5G44960	swissprot_caution_erroneous_gene_model_prediction	Q9FLA1	FDL35_ARATH	4	Sequence=AED95180.1; Type=Erroneous gene model prediction; Evidence={ECO:0000305} | Sequence=BAB10879.1; Type=Erroneous gene model prediction; Evidence={ECO:0000305}	internal_difference_prefix205_suffix211_len436vs416	AT5G44960.1.TAIR10	436
Athaliana	AT5G52460.TAIR10	AT5G52460	swissprot_caution_erroneous_gene_model_prediction	Q9FHB5	FDL42_ARATH	4	Sequence=AED96216.1; Type=Erroneous gene model prediction; Evidence={ECO:0000305} | Sequence=BAB10543.1; Type=Erroneous gene model prediction; Evidence={ECO:0000305}	internal_difference_prefix71_suffix34_len376vs369	AT5G52460.1.TAIR10	376
Athaliana	AT3G26920.TAIR10	AT3G26920	swissprot_caution_erroneous_gene_model_prediction;swissprot_caution_frameshift	Q9LJF9	FDL44_ARATH	2	Sequence=AEE77240.1; Type=Erroneous gene model prediction; Evidence={ECO:0000305} | Sequence=AEE77240.1; Type=Frameshift | Sequence=BAB01184.1; Type=Erroneous gene model prediction; Evidence={ECO:0000305} | Sequence=BAB01184.1; Type=Frameshift | Sequence=BX823705; Type=Miscellaneous discrepancy; Note=Sequencing errors.; Evidence={ECO:0000305}	reference_shorter_by_94aa	AT3G26920.1.TAIR10	434
Athaliana	AT3G49480.TAIR10	AT3G49480	swissprot_caution_erroneous_gene_model_prediction	Q9CA04	FDL45_ARATH	4	Sequence=AEE78548.1; Type=Erroneous gene model prediction; Evidence={ECO:0000305} | Sequence=CAB62453.1; Type=Erroneous gene model prediction; Evidence={ECO:0000305}	reference_shorter_by_140aa	AT3G49480.1.TAIR10	449
Athaliana	AT2G17770.TAIR10	AT2G17770	swissprot_caution_erroneous_initiation	Q7PCC6	FDP_ARATH	1	Sequence=AEC06680.1; Type=Erroneous initiation; Note=Truncated N-terminus.; Evidence={ECO:0000305} | Sequence=AEC06681.1; Type=Erroneous initiation; Note=Truncated N-terminus.; Evidence={ECO:0000305}	reference_shorter_by_39aa	AT2G17770.2.TAIR10	234
Athaliana	AT5G58160.TAIR10	AT5G58160	swissprot_caution_erroneous_gene_model_prediction	Q9LVN1	FH13_ARATH	2	Sequence=BAA96907.1; Type=Erroneous gene model prediction; Evidence={ECO:0000305}	internal_difference_prefix867_suffix186_len1266vs1324	AT5G58160.1.TAIR10	1266
Athaliana	AT5G07650.TAIR10	AT5G07650	swissprot_caution_erroneous_gene_model_prediction	P0C5K2	FH15A_ARATH	2	Sequence=AED91189.1; Type=Erroneous gene model prediction; Note=The predicted gene At5g07650 has been split into 2 genes: At5g07645 and At5g07650.; Evidence={ECO:0000305} | Sequence=BAB11443.1; Type=Erroneous gene model prediction; Note=The predicted gene At5g07650 has been split into 2 genes: At5g07645 and At5g07650.; Evidence={ECO:0000305}	internal_difference_prefix128_suffix0_len405vs815	AT5G07650.1.TAIR10	405
Athaliana	AT5G07650.TAIR10	AT5G07650	swissprot_caution_erroneous_gene_model_prediction	P0C5K3	FH15B_ARATH	3	Sequence=AED91189.1; Type=Erroneous gene model prediction; Note=The predicted gene At5g07650 has been split into 2 genes: At5g07645 and At5g07650.; Evidence={ECO:0000305} | Sequence=BAB11443.1; Type=Erroneous gene model prediction; Note=The predicted gene At5g07650 has been split into 2 genes: At5g07645 and At5g07650.; Evidence={ECO:0000305}	internal_difference_prefix1_suffix62_len352vs815	AT5G07650.1.TAIR10	352
Athaliana	AT3G32400.TAIR10	AT3G32400	swissprot_caution_erroneous_gene_model_prediction	Q9LH02	FH17_ARATH	3	Sequence=AEE77697.1; Type=Erroneous gene model prediction; Evidence={ECO:0000305} | Sequence=BAB01984.1; Type=Erroneous gene model prediction; Evidence={ECO:0000305}	internal_difference_prefix1_suffix155_len495vs488	AT3G32400.1.TAIR10	495
Athaliana	AT2G25050.TAIR10	AT2G25050	swissprot_caution_erroneous_gene_model_prediction	Q9SK28	FH18_ARATH	2	Sequence=AAD23008.1; Type=Erroneous gene model prediction; Evidence={ECO:0000305} | Sequence=AEC07650.2; Type=Erroneous gene model prediction; Evidence={ECO:0000305}	reference_shorter_by_33aa	AT2G25050.1.TAIR10	1144
Athaliana	AT5G07760.TAIR10	AT5G07760	swissprot_caution_erroneous_gene_model_prediction	P0C5K4	FH21A_ARATH	3	Sequence=AED91200.1; Type=Erroneous gene model prediction; Note=The predicted gene At5g07760 has been split into 2 genes: At5g07760 and At5g07765.; Evidence={ECO:0000305} | Sequence=BAB11455.1; Type=Erroneous gene model prediction; Note=The predicted gene At5g07760 has been split into 2 genes: At5g07760 and At5g07765.; Evidence={ECO:0000305}	internal_difference_prefix423_suffix1_len438vs853	AT5G07760.1.TAIR10	438
Athaliana	AT5G07760.TAIR10	AT5G07760	swissprot_caution_erroneous_gene_model_prediction	P0C5K5	FH21B_ARATH	3	Sequence=AED91200.1; Type=Erroneous gene model prediction; Note=The predicted gene At5g07760 has been split into 2 genes: At5g07760 and At5g07765.; Evidence={ECO:0000305} | Sequence=BAB11455.1; Type=Erroneous gene model prediction; Note=The predicted gene At5g07760 has been split into 2 genes: At5g07760 and At5g07765.; Evidence={ECO:0000305}	internal_difference_prefix1_suffix48_len403vs853	AT5G07760.1.TAIR10	403
Athaliana	AT4G15200.TAIR10	AT4G15200	swissprot_caution_erroneous_gene_model_prediction;swissprot_caution_frameshift	O23373	FH3_ARATH	2	Sequence=CAB10298.1; Type=Erroneous gene model prediction; Note=Was originally thought to correspond to two different genes At4g15190 and At4g15200.; Evidence={ECO:0000305} | Sequence=CAB10299.1; Type=Erroneous gene model prediction; Note=Was originally thought to correspond to two different genes At4g15190 and At4g15200.; Evidence={ECO:0000305} | Sequence=CAB10299.1; Type=Frameshift; Evidence={ECO:0000305} | Sequence=CAB78561.1; Type=Erroneous gene model prediction; Note=Was originally thought to correspond to two different genes At4g15190 and At4g15200.; Evidence={ECO:0000305} | Sequence=CAB78562.1; Type=Erroneous gene model prediction; Note=Was originally thought to correspond to two different genes At4g15190 and At4g15200.; Evidence={ECO:0000305} | Sequence=CAB78562.1; Type=Frameshift; Evidence={ECO:0000305}	internal_difference_prefix462_suffix0_len785vs764	AT4G15200.1.TAIR10	785
Athaliana	AT1G24150.TAIR10	AT1G24150	swissprot_caution_erroneous_gene_model_prediction;swissprot_caution_frameshift	O48682	FH4_ARATH	1	Sequence=AAC00575.1; Type=Erroneous gene model prediction; Evidence={ECO:0000305} | Sequence=AAC00575.1; Type=Frameshift; Evidence={ECO:0000305}	internal_difference_prefix499_suffix226_len763vs725	AT1G24150.1.TAIR10	763
Athaliana	AT3G27120.TAIR10	AT3G27120	swissprot_caution_erroneous_gene_model_prediction	F4JEX5	FIGL1_ARATH	2	Sequence=BAB01094.1; Type=Erroneous gene model prediction; Evidence={ECO:0000305}	reference_shorter_by_204aa	AT3G27120.1.TAIR10	680
Athaliana	AT3G10390.TAIR10	AT3G10390	swissprot_caution_erroneous_gene_model_prediction;swissprot_caution_erroneous_initiation	Q9CAE3	FLD_ARATH	1	Sequence=AAF02805.1; Type=Erroneous initiation; Note=Extended N-terminus.; Evidence={ECO:0000305} | Sequence=AEE74899.1; Type=Erroneous gene model prediction; Evidence={ECO:0000305}	reference_longer_by_95aa	AT3G10390.1.TAIR10	789
Athaliana	AT4G31380.TAIR10	AT4G31380	swissprot_caution_erroneous_initiation	Q5Q0B3	FLP1_ARATH	2	Sequence=AAV68874.1; Type=Erroneous initiation; Note=Extended N-terminus.; Evidence={ECO:0000305} | Sequence=AAX23901.1; Type=Erroneous initiation; Note=Extended N-terminus.; Evidence={ECO:0000305}	reference_longer_by_57aa	AT4G31380.1.TAIR10	124
Athaliana	AT1G19200.TAIR10	AT1G19200	swissprot_caution_erroneous_initiation	F4IE21	FLZ12_ARATH	1	Sequence=AAF82231.1; Type=Erroneous initiation; Note=Truncated N-terminus.; Evidence={ECO:0000305}	reference_shorter_by_13aa	AT1G19200.1.TAIR10	228
Athaliana	AT1G21810.TAIR10	AT1G21810	swissprot_caution_erroneous_gene_model_prediction	Q9SFF4	FPP2_ARATH	1	Sequence=AAD41435.1; Type=Erroneous gene model prediction; Evidence={ECO:0000305}	reference_shorter_by_1aa	AT1G21810.1.TAIR10	629
Athaliana	AT2G15350.TAIR10	AT2G15350	swissprot_caution_erroneous_gene_model_prediction	Q9SJP6	FUT10_ARATH	2	Sequence=AAD22289.1; Type=Erroneous gene model prediction; Evidence={ECO:0000305}	reference_shorter_by_74aa	AT2G15350.1.TAIR10	514
Athaliana	AT1G14080.TAIR10	AT1G14080	swissprot_caution_erroneous_gene_model_prediction;swissprot_caution_erroneous_initiation	Q9XI80	FUT6_ARATH	2	Sequence=AAF79408.1; Type=Erroneous gene model prediction; Evidence={ECO:0000305} | Sequence=AAO00849.1; Type=Erroneous initiation; Note=Truncated N-terminus.; Evidence={ECO:0000305} | Sequence=AAP68320.1; Type=Erroneous initiation; Note=Truncated N-terminus.; Evidence={ECO:0000305}	reference_shorter_by_18aa	AT1G14080.1.TAIR10	537
Athaliana	AT1G14070.TAIR10	AT1G14070	swissprot_caution_erroneous_gene_model_prediction	Q9XI81	FUT7_ARATH	2	Sequence=AAF79408.1; Type=Erroneous gene model prediction; Evidence={ECO:0000305}	reference_shorter_by_17aa	AT1G14070.1.TAIR10	526
Athaliana	AT4G13280.TAIR10	AT4G13280	swissprot_caution_erroneous_gene_model_prediction	Q9T0J9	GBIS1_ARATH	1	Sequence=AEE83258.1; Type=Erroneous gene model prediction; Evidence={ECO:0000305} | Sequence=CAB40763.1; Type=Erroneous gene model prediction; Evidence={ECO:0000305} | Sequence=CAB78370.1; Type=Erroneous gene model prediction; Evidence={ECO:0000305}	internal_difference_prefix392_suffix132_len554vs524	AT4G13280.1.TAIR10	554
Athaliana	AT2G04020.TAIR10	AT2G04020	swissprot_caution_erroneous_gene_model_prediction	Q9SIF3	GDL33_ARATH	3	Sequence=AAD32921.1; Type=Erroneous gene model prediction; Evidence={ECO:0000305} | Sequence=AEC05776.1; Type=Erroneous gene model prediction; Evidence={ECO:0000305}	internal_difference_prefix241_suffix0_len322vs261	AT2G04020.1.TAIR10	322
Athaliana	AT2G31550.TAIR10	AT2G31550	swissprot_caution_frameshift	Q9SIQ2	GDL44_ARATH	3	Sequence=AAD24834.2; Type=Frameshift; Evidence={ECO:0000305} | Sequence=AEC08559.1; Type=Frameshift; Evidence={ECO:0000305}	reference_shorter_by_141aa	AT2G31550.1.TAIR10	360
Athaliana	AT4G16220.TAIR10	AT4G16220	swissprot_caution_erroneous_gene_model_prediction	O23469	GDL63_ARATH	3	Sequence=CAB10401.1; Type=Erroneous gene model prediction; Evidence={ECO:0000305} | Sequence=CAB78664.1; Type=Erroneous gene model prediction; Evidence={ECO:0000305}	internal_difference_prefix79_suffix114_len245vs214	AT4G16220.1.TAIR10	245
Athaliana	AT4G16230.TAIR10	AT4G16230	swissprot_caution_erroneous_gene_model_prediction;swissprot_caution_frameshift	O23470	GDL64_ARATH	3	Sequence=AEE83719.1; Type=Erroneous gene model prediction; Evidence={ECO:0000305} | Sequence=CAB10402.1; Type=Erroneous gene model prediction; Evidence={ECO:0000305} | Sequence=CAB10402.1; Type=Frameshift; Evidence={ECO:0000305} | Sequence=CAB78665.1; Type=Erroneous gene model prediction; Evidence={ECO:0000305} | Sequence=CAB78665.1; Type=Frameshift; Evidence={ECO:0000305}	internal_difference_prefix247_suffix0_len368vs251	AT4G16230.1.TAIR10	368
Athaliana	AT5G03590.TAIR10	AT5G03590	swissprot_caution_erroneous_gene_model_prediction;swissprot_caution_erroneous_termination	Q9LZS9	GDL69_ARATH	3	Sequence=AED90631.1; Type=Erroneous gene model prediction; Evidence={ECO:0000305} | Sequence=AED90631.1; Type=Erroneous termination; Note=Truncated C-terminus.; Evidence={ECO:0000305} | Sequence=CAB82924.1; Type=Erroneous gene model prediction; Evidence={ECO:0000305} | Sequence=CAB82924.1; Type=Erroneous termination; Note=Truncated C-terminus.; Evidence={ECO:0000305}	internal_difference_prefix1_suffix0_len344vs231	AT5G03590.1.TAIR10	344
Athaliana	AT5G22810.TAIR10	AT5G22810	swissprot_caution_erroneous_initiation	Q9FFC6	GDL78_ARATH	3	Sequence=BAB10602.1; Type=Erroneous initiation; Note=Truncated N-terminus.; Evidence={ECO:0000305}	reference_shorter_by_25aa	AT5G22810.1.TAIR10	362
Athaliana	AT1G28640.TAIR10	AT1G28640	swissprot_caution_erroneous_gene_model_prediction	P0C8Z7	GDL91_ARATH	3	Sequence=AAF24544.2; Type=Erroneous gene model prediction; Note=The predicted gene has been split into 4 genes: At1g28640, At1g28650, At1g28660 and At1g28670.; Evidence={ECO:0000305} | Sequence=AEE31008.1; Type=Erroneous gene model prediction; Evidence={ECO:0000305}	internal_difference_prefix160_suffix228_len390vs389	AT1G28640.1.TAIR10	390
Athaliana	AT4G40100.TAIR10	AT4G40100	swissprot_caution_erroneous_gene_model_prediction	Q9M063	GEML3_ARATH	3	Sequence=AEE87167.1; Type=Erroneous gene model prediction; Evidence={ECO:0000305} | Sequence=CAB80673.1; Type=Erroneous gene model prediction; Evidence={ECO:0000305}	internal_difference_prefix163_suffix62_len239vs225	AT4G40100.1.TAIR10	239
Athaliana	AT5G23350.TAIR10	AT5G23350	swissprot_caution_erroneous_gene_model_prediction	Q9FMW6	GEML6_ARATH	2	Sequence=BAB11190.1; Type=Erroneous gene model prediction; Evidence={ECO:0000305}	reference_longer_by_62aa	AT5G23350.1.TAIR10	218
Athaliana	AT3G14510.TAIR10	AT3G14510	swissprot_caution_erroneous_gene_model_prediction;swissprot_caution_frameshift	Q9LRR0	GGPP8_ARATH	5	Sequence=AEE75533.1; Type=Erroneous gene model prediction; Evidence={ECO:0000305} | Sequence=AEE75533.1; Type=Frameshift; Evidence={ECO:0000305} | Sequence=BAB01343.1; Type=Erroneous gene model prediction; Evidence={ECO:0000305} | Sequence=BAB01343.1; Type=Frameshift; Evidence={ECO:0000305}	internal_difference_prefix1_suffix276_len361vs284	AT3G14510.1.TAIR10	361
Athaliana	AT4G37390.TAIR10	AT4G37390	swissprot_caution_erroneous_gene_model_prediction;swissprot_caution_frameshift	Q9SZT9	GH32_ARATH	1	Sequence=BAA87950.1; Type=Frameshift; Evidence={ECO:0000305} | Sequence=CAB38206.1; Type=Erroneous gene model prediction; Evidence={ECO:0000305} | Sequence=CAB80404.1; Type=Erroneous gene model prediction; Evidence={ECO:0000305}	internal_difference_prefix539_suffix0_len549vs603	AT4G37390.1.TAIR10	549
Athaliana	AT4G20940.TAIR10	AT4G20940	swissprot_caution_erroneous_gene_model_prediction;swissprot_caution_erroneous_initiation	C0LGQ9	GHR1_ARATH	1	Sequence=AEE84378.2; Type=Erroneous initiation; Note=Truncated N-terminus.; Evidence={ECO:0000305} | Sequence=CAB45889.1; Type=Erroneous gene model prediction; Evidence={ECO:0000305} | Sequence=CAB79094.1; Type=Erroneous gene model prediction; Evidence={ECO:0000305}	internal_difference_prefix1_suffix162_len1053vs977	AT4G20940.1.TAIR10	1053
Athaliana	AT4G31710.TAIR10	AT4G31710	swissprot_caution_erroneous_gene_model_prediction	O81776	GLR24_ARATH	2	Sequence=CAA19752.1; Type=Erroneous gene model prediction; Evidence={ECO:0000305} | Sequence=CAB79889.1; Type=Erroneous gene model prediction; Evidence={ECO:0000305}	internal_difference_prefix1_suffix249_len896vs898	AT4G31710.1.TAIR10	896
Athaliana	AT5G11210.TAIR10	AT5G11210	swissprot_caution_erroneous_gene_model_prediction	Q9LFN5	GLR25_ARATH	2	Sequence=CAB96656.1; Type=Erroneous gene model prediction; Evidence={ECO:0000305}	internal_difference_prefix1_suffix0_len918vs829	AT5G11210.1.TAIR10	918
Athaliana	AT5G11180.TAIR10	AT5G11180	swissprot_caution_erroneous_gene_model_prediction	Q9LFN8	GLR26_ARATH	2	Sequence=AED91643.1; Type=Erroneous gene model prediction; Evidence={ECO:0000305} | Sequence=CAB96653.1; Type=Erroneous gene model prediction; Evidence={ECO:0000305}	internal_difference_prefix605_suffix301_len967vs906	AT5G11180.1.TAIR10	967
Athaliana	AT2G17260.TAIR10	AT2G17260	swissprot_caution_erroneous_initiation	Q7XJL2	GLR31_ARATH	2	Sequence=AAB92421.1; Type=Erroneous initiation; Note=Extended N-terminus.; Evidence={ECO:0000305} | Sequence=AAD09174.1; Type=Erroneous initiation; Note=Extended N-terminus.; Evidence={ECO:0000305}	internal_difference_prefix1_suffix922_len925vs951	AT2G17260.1.TAIR10	925
Athaliana	AT2G32390.TAIR10	AT2G32390	swissprot_caution_erroneous_gene_model_prediction	Q9SW97	GLR35_ARATH	2	Sequence=AAC69939.2; Type=Erroneous gene model prediction; Evidence={ECO:0000305} | Sequence=AEC08676.1; Type=Erroneous gene model prediction; Evidence={ECO:0000305}	reference_shorter_by_102aa	AT2G32390.2.TAIR10	953
Athaliana	AT1G07290.TAIR10	AT1G07290	swissprot_caution_erroneous_gene_model_prediction	Q84L09	GONS2_ARATH	2	Sequence=AAF79561.1; Type=Erroneous gene model prediction; Evidence={ECO:0000305}	same_length_140_mismatches	AT1G07290.1.TAIR10	375
Athaliana	AT3G07690.TAIR10	AT3G07690	swissprot_caution_erroneous_initiation	Q9S785	GPDH2_ARATH	3	Sequence=AAF13087.1; Type=Erroneous initiation; Note=Truncated N-terminus.; Evidence={ECO:0000305} | Sequence=AAF21179.1; Type=Erroneous initiation; Note=Truncated N-terminus.; Evidence={ECO:0000305}	internal_difference_prefix285_suffix171_len456vs466	AT3G07690.1.TAIR10	456
Athaliana	AT2G45480.TAIR10	AT2G45480	swissprot_caution_erroneous_initiation	Q8S9M3	GRF9_ARATH	1	Sequence=AAM14831.1; Type=Erroneous initiation; Note=Truncated N-terminus.; Evidence={ECO:0000305} | Sequence=AEC10560.1; Type=Erroneous initiation; Note=Truncated N-terminus.; Evidence={ECO:0000305}	reference_shorter_by_2aa	AT2G45480.1.TAIR10	431
Athaliana	AT1G62580.TAIR10	AT1G62580	swissprot_caution_erroneous_gene_model_prediction	Q9SXD9	GSXL7_ARATH	3	Sequence=AAD43615.1; Type=Erroneous gene model prediction; Evidence={ECO:0000305} | Sequence=AEE33980.1; Type=Erroneous gene model prediction; Evidence={ECO:0000305}	internal_difference_prefix185_suffix132_len464vs497	AT1G62580.1.TAIR10	464
Athaliana	AT1G63340.TAIR10	AT1G63340	swissprot_caution_erroneous_gene_model_prediction;swissprot_caution_frameshift	Q9C8T8	GSXLX_ARATH	5	Sequence=AAG52152.1; Type=Erroneous gene model prediction; Evidence={ECO:0000305} | Sequence=AAG52152.1; Type=Frameshift; Evidence={ECO:0000305} | Sequence=AEE34088.1; Type=Erroneous gene model prediction; Evidence={ECO:0000305}	internal_difference_prefix208_suffix73_len448vs424	AT1G63340.1.TAIR10	448
Athaliana	AT5G10550.TAIR10	AT5G10550	swissprot_caution_erroneous_gene_model_prediction	Q9LXA7	GTE2_ARATH	2	Sequence=BAC42593.1; Type=Erroneous translation; Note=Wrong choice of frame.; Evidence={ECO:0000305} | Sequence=CAB89388.1; Type=Erroneous gene model prediction; Evidence={ECO:0000305}	reference_longer_by_97aa	AT5G10550.1.TAIR10	581
Athaliana	AT1G33240.TAIR10	AT1G33240	swissprot_caution_erroneous_gene_model_prediction	Q9C882	GTL1_ARATH	1	Sequence=AAF97353.1; Type=Erroneous gene model prediction; Evidence={ECO:0000305} | Sequence=AAG51283.1; Type=Erroneous gene model prediction; Evidence={ECO:0000305} | Sequence=CAA05995.1; Type=Erroneous gene model prediction; Evidence={ECO:0000305} | Sequence=CAA05996.1; Type=Miscellaneous discrepancy; Note=Probable cloning artifact.; Evidence={ECO:0000305}	internal_difference_prefix584_suffix0_len587vs669	AT1G33240.1.TAIR10	587
Athaliana	AT4G38990.TAIR10	AT4G38990	swissprot_caution_erroneous_gene_model_prediction	Q9SVJ4	GUN22_ARATH	3	Sequence=AEE87005.1; Type=Erroneous gene model prediction; Evidence={ECO:0000305}	internal_difference_prefix204_suffix0_len494vs347	AT4G38990.1.TAIR10	494
Athaliana	AT3G10270.TAIR10	AT3G10270	swissprot_caution_erroneous_gene_model_prediction	Q9SS38	GYRBP_ARATH	2	Sequence=AAF02815.1; Type=Erroneous gene model prediction; Evidence={ECO:0000305}	internal_difference_prefix1_suffix333_len730vs772	AT3G10270.1.TAIR10	730
Athaliana	AT1G55970.TAIR10	AT1G55970	swissprot_caution_erroneous_gene_model_prediction;swissprot_caution_frameshift	Q9LG11	HAC4_ARATH	2	Sequence=AAF02849.1; Type=Erroneous gene model prediction; Evidence={ECO:0000305} | Sequence=AAF79331.1; Type=Erroneous gene model prediction; Evidence={ECO:0000305} | Sequence=AAK73519.1; Type=Frameshift; Evidence={ECO:0000305}	internal_difference_prefix973_suffix483_len1470vs1456	AT1G55970.1.TAIR10	1470
Athaliana	AT3G44530.TAIR10	AT3G44530	swissprot_caution_erroneous_gene_model_prediction	Q9LXN4	HIRA_ARATH	1	Sequence=AEE77910.1; Type=Erroneous gene model prediction; Evidence={ECO:0000305} | Sequence=CAB88535.1; Type=Erroneous gene model prediction; Evidence={ECO:0000305}	internal_difference_prefix745_suffix278_len1024vs1040	AT3G44530.2.TAIR10	1024
Athaliana	AT4G39120.TAIR10	AT4G39120	swissprot_caution_erroneous_initiation	Q6NPM8	HIS7_ARATH	1	Sequence=ANM67312.1; Type=Erroneous initiation; Note=Extended N-terminus.; Evidence={ECO:0000305} | Sequence=BAC43548.1; Type=Erroneous initiation; Note=Truncated N-terminus.; Evidence={ECO:0000305} | Sequence=CAB43627.1; Type=Erroneous initiation; Note=Truncated N-terminus.; Evidence={ECO:0000305} | Sequence=CAB80575.1; Type=Erroneous initiation; Note=Truncated N-terminus.; Evidence={ECO:0000305}	reference_longer_by_29aa	AT4G39120.1.TAIR10	346
Athaliana	AT1G06570.TAIR10	AT1G06570	swissprot_caution_erroneous_initiation	P93836	HPPD_ARATH	1	Sequence=AAF24813.1; Type=Erroneous initiation; Note=Extended N-terminus.; Evidence={ECO:0000305}	reference_longer_by_28aa	AT1G06570.1.TAIR10	445
Athaliana	AT5G52640.TAIR10	AT5G52640	swissprot_caution_erroneous_initiation	P27323	HS901_ARATH	1	Sequence=AAA32822.1; Type=Erroneous initiation; Note=Extended N-terminus.; Evidence={ECO:0000305} | Sequence=AAM91104.1; Type=Erroneous initiation; Note=Extended N-terminus.; Evidence={ECO:0000305} | Sequence=AAN46890.1; Type=Erroneous initiation; Note=Extended N-terminus.; Evidence={ECO:0000305} | Sequence=BAA98082.1; Type=Erroneous initiation; Note=Extended N-terminus.; Evidence={ECO:0000305} | Sequence=CAA68885.1; Type=Erroneous initiation; Note=Extended N-terminus.; Evidence={ECO:0000305}	reference_longer_by_5aa	AT5G52640.1.TAIR10	700
Athaliana	AT1G79920.TAIR10	AT1G79920	swissprot_caution_erroneous_gene_model_prediction	F4HQD4	HSP7P_ARATH	1	Sequence=AAG52244.1; Type=Erroneous gene model prediction; Evidence={ECO:0000305}	same_length_180_mismatches	AT1G79920.2.TAIR10	831
Athaliana	AT1G62400.TAIR10	AT1G62400	swissprot_caution_erroneous_gene_model_prediction	Q2MHE4	HT1_ARATH	1	Sequence=AAF70839.1; Type=Erroneous gene model prediction; Evidence={ECO:0000305}	reference_shorter_by_45aa	AT1G62400.1.TAIR10	390
Athaliana	AT3G57470.TAIR10	AT3G57470	swissprot_caution_erroneous_gene_model_prediction	F4J3D9	IDE2_ARATH	3	Sequence=AEE79658.1; Type=Erroneous gene model prediction; Evidence={ECO:0000305} | Sequence=CAB66104.1; Type=Erroneous gene model prediction; Evidence={ECO:0000305}	reference_shorter_by_75aa	AT3G57470.2.TAIR10	966
Athaliana	AT1G29590.TAIR10	AT1G29590	swissprot_caution_erroneous_initiation	Q9C7P2	IF4E2_ARATH	1	Sequence=AAG51741.1; Type=Erroneous initiation; Note=Extended N-terminus.; Evidence={ECO:0000305}	reference_longer_by_45aa	AT1G29590.1.TAIR10	240
Athaliana	AT3G56100.TAIR10	AT3G56100	swissprot_caution_erroneous_gene_model_prediction;swissprot_caution_erroneous_initiation;swissprot_caution_frameshift	C0LGP9	IMK3_ARATH	1	Sequence=BAD94529.1; Type=Erroneous initiation; Evidence={ECO:0000305} | Sequence=CAB87409.1; Type=Erroneous gene model prediction; Evidence={ECO:0000305} | Sequence=CAB87409.1; Type=Frameshift; Evidence={ECO:0000305}	internal_difference_prefix244_suffix228_len784vs719	AT3G56100.1.TAIR10	784
Athaliana	AT1G23465.TAIR10	AT1G23465	swissprot_caution_erroneous_gene_model_prediction	Q5BIV4	IMP1B_ARATH	2	Sequence=AAC98041.1; Type=Erroneous gene model prediction; Evidence={ECO:0000305} | Sequence=AAF79585.1; Type=Erroneous gene model prediction; Evidence={ECO:0000305}	reference_shorter_by_14aa	AT1G23465.1.TAIR10	169
Athaliana	AT3G13784.TAIR10	AT3G13784	swissprot_caution_erroneous_gene_model_prediction	Q9LIB9	INV5_ARATH	2	Sequence=AEE75413.1; Type=Erroneous gene model prediction; Evidence={ECO:0000305}	internal_difference_prefix56_suffix513_len572vs569	AT3G13784.1.TAIR10	572
Athaliana	AT3G05820.TAIR10	AT3G05820	swissprot_caution_erroneous_initiation	Q84JL5	INVH_ARATH	2	Sequence=AAF26084.1; Type=Erroneous initiation; Note=Truncated N-terminus.; Evidence={ECO:0000305}	reference_longer_by_26aa	AT3G05820.1.TAIR10	633
Athaliana	AT4G14750.TAIR10	AT4G14750	swissprot_caution_erroneous_gene_model_prediction	A0A1P8B590	IQD19_ARATH	1	Sequence=CAB10254.1; Type=Erroneous gene model prediction; Evidence={ECO:0000305} | Sequence=CAB78517.1; Type=Erroneous gene model prediction; Evidence={ECO:0000305}	reference_shorter_by_59aa	AT4G14750.1.TAIR10	446
Athaliana	AT2G02790.TAIR10	AT2G02790	swissprot_caution_erroneous_gene_model_prediction	A0A1P8B0B7	IQD29_ARATH	1	Sequence=AAC05343.1; Type=Erroneous gene model prediction; Evidence={ECO:0000305}	internal_difference_prefix587_suffix0_len597vs636	AT2G02790.1.TAIR10	597
Athaliana	AT1G58160.TAIR10	AT1G58160	swissprot_caution_erroneous_gene_model_prediction	F4I9R6	JA15S_ARATH	2	Sequence=AAG50768.1; Type=Erroneous gene model prediction; Evidence={ECO:0000305}	reference_shorter_by_11aa	AT1G58160.1.TAIR10	131
Athaliana	AT1G52100.TAIR10	AT1G52100	swissprot_caution_erroneous_gene_model_prediction	Q5XF82	JAL11_ARATH	2	Sequence=AAD12684.1; Type=Erroneous gene model prediction; Evidence={ECO:0000305} | Sequence=AEE32755.1; Type=Erroneous gene model prediction; Evidence={ECO:0000305}	internal_difference_prefix361_suffix75_len444vs437	AT1G52100.1.TAIR10	444
Athaliana	AT1G08840.TAIR10	AT1G08840	swissprot_caution_erroneous_gene_model_prediction	A0A1P8ASY1	JHS1_ARATH	2	Sequence=AAB70418.1; Type=Erroneous gene model prediction; Evidence={ECO:0000305}	internal_difference_prefix155_suffix1160_len1331vs1315	AT1G08840.2.TAIR10	1331
Athaliana	AT1G63490.TAIR10	AT1G63490	swissprot_caution_erroneous_gene_model_prediction;swissprot_caution_erroneous_initiation	F4I240	JMJ17_ARATH	1	Sequence=AAF19696.1; Type=Erroneous gene model prediction; Evidence={ECO:0000305} | Sequence=AAK64062.1; Type=Erroneous initiation; Note=Truncated N-terminus.; Evidence={ECO:0000305}	internal_difference_prefix1_suffix753_len1208vs1116	AT1G63490.1.TAIR10	1208
Athaliana	AT4G25280.TAIR10	AT4G25280	swissprot_caution_erroneous_gene_model_prediction;swissprot_caution_erroneous_initiation	Q6NMK6	KCY2_ARATH	2	Sequence=AAR24708.1; Type=Erroneous initiation; Note=Truncated N-terminus.; Evidence={ECO:0000305} | Sequence=CAA23069.1; Type=Erroneous gene model prediction; Evidence={ECO:0000305} | Sequence=CAB81339.1; Type=Erroneous gene model prediction; Evidence={ECO:0000305}	reference_shorter_by_10aa	AT4G25280.1.TAIR10	259
Athaliana	AT4G16360.TAIR10	AT4G16360	swissprot_caution_frameshift	Q9SCY5	KINB2_ARATH	1	Sequence=CAB10413.1; Type=Frameshift; Evidence={ECO:0000305} | Sequence=CAB78678.1; Type=Frameshift; Evidence={ECO:0000305}	reference_shorter_by_30aa	AT4G16360.1.TAIR10	289
Athaliana	AT3G54870.TAIR10	AT3G54870	swissprot_caution_erroneous_gene_model_prediction	Q9SV36	KINUC_ARATH	1	Sequence=CAB41097.2; Type=Erroneous gene model prediction; Evidence={ECO:0000305}	internal_difference_prefix916_suffix0_len1051vs941	AT3G54870.1.TAIR10	1051
Athaliana	AT1G09170.TAIR10	AT1G09170	swissprot_caution_erroneous_gene_model_prediction	F4HZF0	KN14H_ARATH	3	Sequence=AAC24096.1; Type=Erroneous gene model prediction; Evidence={ECO:0000305} | Sequence=AEE28407.1; Type=Erroneous gene model prediction; Evidence={ECO:0000305}	internal_difference_prefix552_suffix457_len1040vs1010	AT1G09170.1.TAIR10	1040
Athaliana	AT5G41310.TAIR10	AT5G41310	swissprot_caution_erroneous_gene_model_prediction	F4JX00	KN14K_ARATH	3	Sequence=AED94663.1; Type=Erroneous gene model prediction; Evidence={ECO:0000305} | Sequence=BAB11107.1; Type=Erroneous gene model prediction; Evidence={ECO:0000305}	internal_difference_prefix119_suffix842_len975vs961	AT5G41310.1.TAIR10	975
Athaliana	AT3G10310.TAIR10	AT3G10310	swissprot_caution_erroneous_gene_model_prediction	F4J2M6	KN14L_ARATH	3	Sequence=AAF02812.1; Type=Erroneous gene model prediction; Evidence={ECO:0000305}	internal_difference_prefix479_suffix443_len955vs922	AT3G10310.1.TAIR10	955
Athaliana	AT5G60930.TAIR10	AT5G60930	swissprot_caution_erroneous_gene_model_prediction;swissprot_caution_erroneous_termination	F4K0J3	KN4C_ARATH	2	Sequence=AED97398.1; Type=Erroneous gene model prediction; Evidence={ECO:0000305} | Sequence=BAB10642.1; Type=Erroneous gene model prediction; Evidence={ECO:0000305} | Sequence=BAC42985.1; Type=Erroneous termination; Note=Truncated C-terminus.; Evidence={ECO:0000305}	internal_difference_prefix1248_suffix1_len1300vs1294	AT5G60930.1.TAIR10	1300
Athaliana	AT1G20060.TAIR10	AT1G20060	swissprot_caution_erroneous_gene_model_prediction	F4HR11	KN6_ARATH	3	Sequence=AAF79908.1; Type=Erroneous gene model prediction; Evidence={ECO:0000305} | Sequence=AEE29929.1; Type=Erroneous gene model prediction; Evidence={ECO:0000305}	internal_difference_prefix654_suffix316_len971vs970	AT1G20060.1.TAIR10	971
Athaliana	AT5G42490.TAIR10	AT5G42490	swissprot_caution_erroneous_gene_model_prediction	Q9FIG8	KN7J_ARATH	3	Sequence=AED94816.1; Type=Erroneous gene model prediction; Evidence={ECO:0000305} | Sequence=BAB10490.1; Type=Erroneous gene model prediction; Evidence={ECO:0000305}	internal_difference_prefix411_suffix188_len930vs1087	AT5G42490.1.TAIR10	930
Athaliana	AT5G06670.TAIR10	AT5G06670	swissprot_caution_erroneous_gene_model_prediction	F4K3X8	KN7L_ARATH	3	Sequence=AED91048.1; Type=Erroneous gene model prediction; Evidence={ECO:0000305} | Sequence=BAB11416.1; Type=Erroneous gene model prediction; Evidence={ECO:0000305}	internal_difference_prefix139_suffix838_len977vs986	AT5G06670.1.TAIR10	977
Athaliana	AT1G11160.TAIR10	AT1G11160	swissprot_caution_erroneous_gene_model_prediction	A0A1P8AW69	KTN81_ARATH	1	Sequence=AAD49999.1; Type=Erroneous gene model prediction; Evidence={ECO:0000305}	internal_difference_prefix351_suffix667_len1019vs1021	AT1G11160.1.TAIR10	1019
Athaliana	AT5G58910.TAIR10	AT5G58910	swissprot_caution_erroneous_gene_model_prediction;swissprot_caution_erroneous_termination	Q1PDH6	LAC16_ARATH	2	Sequence=ABK28766.1; Type=Erroneous termination; Note=Extended C-terminus.; Evidence={ECO:0000305} | Sequence=AED97116.1; Type=Erroneous gene model prediction; Evidence={ECO:0000305}	internal_difference_prefix1_suffix474_len566vs523	AT5G58910.1.TAIR10	566
Athaliana	AT5G03270.TAIR10	AT5G03270	swissprot_caution_erroneous_gene_model_prediction	Q9LYV8	LOG6_ARATH	3	Sequence=BAB08387.1; Type=Erroneous gene model prediction; Evidence={ECO:0000305}	internal_difference_prefix76_suffix0_len201vs229	AT5G03270.1.TAIR10	201
Athaliana	AT1G33840.TAIR10	AT1G33840	swissprot_caution_erroneous_gene_model_prediction	Q9LQ36	LOR1_ARATH	3	Sequence=AAF97296.1; Type=Erroneous gene model prediction; Evidence={ECO:0000305} | Sequence=AAG52207.1; Type=Erroneous gene model prediction; Evidence={ECO:0000305}	internal_difference_prefix207_suffix0_len224vs230	AT1G33840.1.TAIR10	224
Athaliana	AT3G45390.TAIR10	AT3G45390	swissprot_caution_erroneous_gene_model_prediction	Q7FK82	LRK12_ARATH	2	Sequence=CAB72488.1; Type=Erroneous gene model prediction; Evidence={ECO:0000305}	internal_difference_prefix412_suffix187_len669vs604	AT3G45390.1.TAIR10	669
Athaliana	AT5G59270.TAIR10	AT5G59270	swissprot_caution_erroneous_gene_model_prediction;swissprot_caution_erroneous_termination	Q9FIF0	LRK22_ARATH	3	Sequence=AED97164.1; Type=Erroneous gene model prediction; Evidence={ECO:0000305} | Sequence=BAB09772.1; Type=Erroneous gene model prediction; Evidence={ECO:0000305} | Sequence=BAB09772.1; Type=Erroneous termination; Note=Truncated C-terminus.; Evidence={ECO:0000305}	internal_difference_prefix251_suffix417_len694vs668	AT5G59270.1.TAIR10	694
Athaliana	AT4G28350.TAIR10	AT4G28350	swissprot_caution_erroneous_gene_model_prediction	O49445	LRK72_ARATH	3	Sequence=CAA16875.1; Type=Erroneous gene model prediction; Evidence={ECO:0000305} | Sequence=CAB79637.1; Type=Erroneous gene model prediction; Evidence={ECO:0000305}	internal_difference_prefix268_suffix363_len681vs649	AT4G28350.1.TAIR10	681
Athaliana	AT1G18390.TAIR10	AT1G18390	swissprot_caution_erroneous_gene_model_prediction	P0C5E2	LRL12_ARATH	2	Sequence=AAF25996.1; Type=Erroneous gene model prediction; Note=The predicted gene has been split into 2 genes: At1g18390 and At1g18400.; Evidence={ECO:0000305} | Sequence=AAM13983.1; Type=Miscellaneous discrepancy; Note=Cloning artifact.; Evidence={ECO:0000305} | Sequence=AAX23748.1; Type=Erroneous gene model prediction; Evidence={ECO:0000305} | Sequence=AEE29710.1; Type=Erroneous gene model prediction; Evidence={ECO:0000305}	internal_difference_prefix1_suffix399_len651vs648	AT1G18390.1.TAIR10	651
Athaliana	AT1G66880.TAIR10	AT1G66880	swissprot_caution_erroneous_gene_model_prediction	F4HQ17	LRL14_ARATH	2	Sequence=AAG50588.1; Type=Erroneous gene model prediction; Evidence={ECO:0000305} | Sequence=AAG60067.1; Type=Erroneous gene model prediction; Evidence={ECO:0000305} | Sequence=AEE34567.1; Type=Erroneous gene model prediction; Evidence={ECO:0000305}	internal_difference_prefix1_suffix433_len663vs1296	AT1G66880.1.TAIR10	663
Athaliana	AT5G38240.TAIR10	AT5G38240	swissprot_caution_erroneous_gene_model_prediction	F4KA50	LRL22_ARATH	3	Sequence=BAB11290.1; Type=Erroneous gene model prediction; Evidence={ECO:0000305}	internal_difference_prefix252_suffix304_len624vs588	AT5G38240.1.TAIR10	624
Athaliana	AT5G38250.TAIR10	AT5G38250	swissprot_caution_erroneous_gene_model_prediction	F4KA51	LRL23_ARATH	3	Sequence=BAB11291.1; Type=Erroneous gene model prediction; Evidence={ECO:0000305}	internal_difference_prefix263_suffix290_len620vs579	AT5G38250.1.TAIR10	620
Athaliana	AT1G66930.TAIR10	AT1G66930	swissprot_caution_erroneous_gene_model_prediction	F4HQ23	LRL27_ARATH	3	Sequence=AAF98207.1; Type=Erroneous gene model prediction; Evidence={ECO:0000305} | Sequence=AAG50593.1; Type=Erroneous gene model prediction; Evidence={ECO:0000305} | Sequence=AEE34573.1; Type=Erroneous gene model prediction; Evidence={ECO:0000305}	internal_difference_prefix1_suffix393_len883vs674	AT1G66930.1.TAIR10	883
Athaliana	AT5G66100.TAIR10	AT5G66100	swissprot_caution_erroneous_gene_model_prediction;swissprot_caution_erroneous_initiation	Q8RWR2	LRP1B_ARATH	1	Sequence=AAM10313.1; Type=Erroneous initiation; Note=Extended N-terminus.; Evidence={ECO:0000305} | Sequence=AAN31109.1; Type=Erroneous initiation; Note=Extended N-terminus.; Evidence={ECO:0000305} | Sequence=AED98159.1; Type=Erroneous initiation; Note=Extended N-terminus.; Evidence={ECO:0000305} | Sequence=BAB10415.1; Type=Erroneous gene model prediction; Evidence={ECO:0000305}	reference_longer_by_1aa	AT5G66100.1.TAIR10	452
Athaliana	AT4G22650.TAIR10	AT4G22650	swissprot_caution_erroneous_gene_model_prediction	Q9SUV6	LTG34_ARATH	3	Sequence=AEE84634.1; Type=Erroneous gene model prediction; Evidence={ECO:0000305} | Sequence=CAA16550.1; Type=Erroneous gene model prediction; Evidence={ECO:0000305} | Sequence=CAA22170.1; Type=Erroneous gene model prediction; Evidence={ECO:0000305} | Sequence=CAB79220.1; Type=Erroneous gene model prediction; Evidence={ECO:0000305}	internal_difference_prefix115_suffix0_len142vs156	AT4G22650.1.TAIR10	142
Athaliana	AT1G55260.TAIR10	AT1G55260	swissprot_caution_erroneous_initiation	F4I082	LTPG6_ARATH	2	Sequence=AAM61728.1; Type=Erroneous initiation; Note=Truncated N-terminus.; Evidence={ECO:0000305} | Sequence=AEE33214.1; Type=Erroneous initiation; Note=Extended N-terminus.; Evidence={ECO:0000305}	reference_longer_by_43aa	AT1G55260.1.TAIR10	184
Athaliana	AT3G06230.TAIR10	AT3G06230	swissprot_caution_erroneous_termination	Q9M8J5	M2K8_ARATH	3	Sequence=AAF30316.1; Type=Erroneous termination; Note=Truncated C-terminus.; Evidence={ECO:0000305} | Sequence=AEE74363.1; Type=Erroneous termination; Note=Truncated C-terminus.; Evidence={ECO:0000305}	reference_shorter_by_16aa	AT3G06230.1.TAIR10	309
Athaliana	AT1G54960.TAIR10	AT1G54960	swissprot_caution_erroneous_gene_model_prediction	Q9FZ36	M3K2_ARATH	2	Sequence=AAG51109.1; Type=Erroneous gene model prediction; Evidence={ECO:0000305}	reference_shorter_by_45aa	AT1G54960.1.TAIR10	651
Athaliana	AT3G60840.TAIR10	AT3G60840	swissprot_caution_erroneous_gene_model_prediction	Q9LZY0	MA654_ARATH	1	Sequence=CAB82688.1; Type=Erroneous gene model prediction; Evidence={ECO:0000305}	reference_shorter_by_29aa	AT3G60840.1.TAIR10	677
Athaliana	AT2G38720.TAIR10	AT2G38720	swissprot_caution_erroneous_gene_model_prediction	Q9ZVJ3	MA655_ARATH	1	Sequence=AAC67346.1; Type=Erroneous gene model prediction; Evidence={ECO:0000305}	internal_difference_prefix86_suffix126_len550vs587	AT2G38720.1.TAIR10	550
Athaliana	AT5G65080.TAIR10	AT5G65080	swissprot_caution_erroneous_initiation	Q683D7	MAF5_ARATH	2	Sequence=ABF19021.1; Type=Erroneous initiation; Note=Extended N-terminus.; Evidence={ECO:0000305} | Sequence=ACL93445.1; Type=Erroneous initiation; Note=Extended N-terminus.; Evidence={ECO:0000305} | Sequence=BAB11644.1; Type=Erroneous initiation; Note=Extended N-terminus.; Evidence={ECO:0000305} | Sequence=BAD42943.1; Type=Erroneous initiation; Note=Extended N-terminus.; Evidence={ECO:0000305}	reference_longer_by_7aa	AT5G65080.1.TAIR10	198
Athaliana	AT3G30540.TAIR10	AT3G30540	swissprot_caution_erroneous_gene_model_prediction;swissprot_caution_erroneous_termination;swissprot_caution_frameshift	Q9LW44	MANP_ARATH	5	Sequence=AEE77650.1; Type=Erroneous gene model prediction; Evidence={ECO:0000305} | Sequence=AEE77650.1; Type=Erroneous termination; Note=Truncated C-terminus.; Evidence={ECO:0000305} | Sequence=AEE77650.1; Type=Frameshift; Evidence={ECO:0000305} | Sequence=BAB01021.1; Type=Erroneous gene model prediction; Evidence={ECO:0000305} | Sequence=BAB01021.1; Type=Erroneous termination; Note=Truncated C-terminus.; Evidence={ECO:0000305} | Sequence=BAB01021.1; Type=Frameshift; Evidence={ECO:0000305}	internal_difference_prefix77_suffix0_len408vs329	AT3G30540.1.TAIR10	408
Athaliana	ATCG00040.TAIR10	ATCG00040	swissprot_caution_erroneous_initiation	P56784	MATK_ARATH	3	Sequence=BAA84366.1; Type=Erroneous initiation; Note=Extended N-terminus.; Evidence={ECO:0000305}	reference_longer_by_22aa	ATCG00040.1.TAIR10	504
Athaliana	AT1G31390.TAIR10	AT1G31390	swissprot_caution_erroneous_gene_model_prediction	Q9C870	MCC01_ARATH	4	Sequence=AAF24591.1; Type=Erroneous gene model prediction; Note=The predicted gene has been split into 2 genes: At1g31390 and At1g31400.; Evidence={ECO:0000305} | Sequence=AAG51271.1; Type=Erroneous gene model prediction; Evidence={ECO:0000305} | Sequence=AEE31350.1; Type=Erroneous gene model prediction; Evidence={ECO:0000305}	internal_difference_prefix266_suffix0_len279vs268	AT1G31390.1.TAIR10	279
Athaliana	AT2G05410.TAIR10	AT2G05410	swissprot_caution_erroneous_gene_model_prediction	Q9SHT3	MCC04_ARATH	4	Sequence=AAD32896.1; Type=Erroneous gene model prediction; Evidence={ECO:0000305} | Sequence=AEC05927.1; Type=Erroneous gene model prediction; Evidence={ECO:0000305}	reference_shorter_by_38aa	AT2G05410.1.TAIR10	303
Athaliana	AT2G42470.TAIR10	AT2G42470	swissprot_caution_erroneous_gene_model_prediction	P0DKG5	MCC08_ARATH	4	Sequence=AAD23728.1; Type=Erroneous gene model prediction; Note=The predicted gene has been split into 2 genes: At2g42465 and At2g42470.; Evidence={ECO:0000305}	internal_difference_prefix1_suffix0_len304vs898	AT2G42470.1.TAIR10	304
Athaliana	AT2G42480.TAIR10	AT2G42480	swissprot_caution_erroneous_gene_model_prediction	P0DKG7	MCC10_ARATH	4	Sequence=AAD23729.1; Type=Erroneous gene model prediction; Note=The predicted gene has been split into 2 genes: At2g42475 and At2g42480.; Evidence={ECO:0000305}	internal_difference_prefix164_suffix1_len370vs743	AT2G42480.1.TAIR10	370
Athaliana	AT3G44800.TAIR10	AT3G44800	swissprot_caution_erroneous_gene_model_prediction	F4J4A1	MCC14_ARATH	4	Sequence=AAB70027.1; Type=Erroneous gene model prediction; Evidence={ECO:0000305}	internal_difference_prefix337_suffix0_len342vs564	AT3G44800.1.TAIR10	342
Athaliana	AT3G58220.TAIR10	AT3G58220	swissprot_caution_erroneous_gene_model_prediction	F4J4P8	MCC17_ARATH	2	Sequence=AEE79756.1; Type=Erroneous gene model prediction; Evidence={ECO:0000305} | Sequence=CAB68160.1; Type=Erroneous gene model prediction; Evidence={ECO:0000305}	internal_difference_prefix144_suffix0_len313vs351	AT3G58220.1.TAIR10	313
Athaliana	AT3G58250.TAIR10	AT3G58250	swissprot_caution_erroneous_gene_model_prediction	Q9M2J1	MCC19_ARATH	4	Sequence=AEE79759.1; Type=Erroneous gene model prediction; Evidence={ECO:0000305} | Sequence=CAB68163.1; Type=Erroneous gene model prediction; Evidence={ECO:0000305}	internal_difference_prefix279_suffix24_len303vs317	AT3G58250.1.TAIR10	303
Athaliana	AT3G58280.TAIR10	AT3G58280	swissprot_caution_erroneous_gene_model_prediction;swissprot_caution_erroneous_initiation	Q58FV5	MCC22_ARATH	2	Sequence=AAZ52731.1; Type=Erroneous initiation; Note=Truncated N-terminus.; Evidence={ECO:0000305} | Sequence=CAB68166.1; Type=Erroneous gene model prediction; Evidence={ECO:0000305}	reference_shorter_by_55aa	AT3G58280.1.TAIR10	298
Athaliana	AT3G58370.TAIR10	AT3G58370	swissprot_caution_erroneous_gene_model_prediction	Q9M2H9	MCC26_ARATH	4	Sequence=CAB68175.1; Type=Erroneous gene model prediction; Evidence={ECO:0000305}	reference_shorter_by_107aa	AT3G58370.1.TAIR10	326
Athaliana	AT3G58400.TAIR10	AT3G58400	swissprot_caution_erroneous_gene_model_prediction	Q9M2H6	MCC28_ARATH	4	Sequence=CAB68178.1; Type=Erroneous gene model prediction; Evidence={ECO:0000305}	internal_difference_prefix1_suffix255_len293vs316	AT3G58400.1.TAIR10	293
Athaliana	AT3G58410.TAIR10	AT3G58410	swissprot_caution_erroneous_gene_model_prediction	Q9M2H5	MCC29_ARATH	4	Sequence=AEE79778.1; Type=Erroneous gene model prediction; Evidence={ECO:0000305} | Sequence=CAB68179.1; Type=Erroneous gene model prediction; Evidence={ECO:0000305}	internal_difference_prefix1_suffix229_len321vs328	AT3G58410.1.TAIR10	321
Athaliana	AT3G58430.TAIR10	AT3G58430	swissprot_caution_erroneous_gene_model_prediction	F4J5U9	MCC30_ARATH	4	Sequence=CAB68181.1; Type=Erroneous gene model prediction; Evidence={ECO:0000305}	internal_difference_prefix180_suffix66_len325vs535	AT3G58430.1.TAIR10	325
Athaliana	AT3G58440.TAIR10	AT3G58440	swissprot_caution_erroneous_gene_model_prediction	Q9M2H2	MCC31_ARATH	4	Sequence=AEE79781.1; Type=Erroneous gene model prediction; Evidence={ECO:0000305} | Sequence=CAB68182.1; Type=Erroneous gene model prediction; Evidence={ECO:0000305}	internal_difference_prefix137_suffix74_len358vs601	AT3G58440.1.TAIR10	358
Athaliana	AT3G09660.TAIR10	AT3G09660	swissprot_caution_erroneous_gene_model_prediction	Q9SF37	MCM8_ARATH	2	Sequence=AAF23296.1; Type=Erroneous gene model prediction; Evidence={ECO:0000305}	internal_difference_prefix560_suffix168_len801vs777	AT3G09660.1.TAIR10	801
Athaliana	AT5G45840.TAIR10	AT5G45840	swissprot_caution_erroneous_gene_model_prediction	C0LGU7	MDIS1_ARATH	1	Sequence=BAB09312.1; Type=Erroneous gene model prediction; Evidence={ECO:0000305}	internal_difference_prefix228_suffix467_len695vs706	AT5G45840.2.TAIR10	695
Athaliana	AT1G67120.TAIR10	AT1G67120	swissprot_caution_erroneous_gene_model_prediction	A0A1P8AUY4	MDN1_ARATH	1	Sequence=AAD10657.1; Type=Erroneous gene model prediction; Evidence={ECO:0000305}	internal_difference_prefix3196_suffix2197_len5400vs5393	AT1G67120.1.TAIR10	5400
Athaliana	AT4G00450.TAIR10	AT4G00450	swissprot_caution_erroneous_gene_model_prediction	H3K2Y6	MED12_ARATH	1	Sequence=AAB62842.1; Type=Erroneous gene model prediction; Evidence={ECO:0000305} | Sequence=AAF02800.1; Type=Erroneous gene model prediction; Evidence={ECO:0000305} | Sequence=CAB80854.1; Type=Erroneous gene model prediction; Evidence={ECO:0000305}	internal_difference_prefix223_suffix1901_len2235vs2253	AT4G00450.1.TAIR10	2235
Athaliana	AT3G50440.TAIR10	AT3G50440	swissprot_caution_erroneous_initiation	Q8S9K8	MES10_ARATH	1	Sequence=CAB62473.1; Type=Erroneous initiation; Note=Truncated N-terminus.; Evidence={ECO:0000305}	reference_longer_by_13aa	AT3G50440.1.TAIR10	275
Athaliana	AT2G23570.TAIR10	AT2G23570	swissprot_caution_erroneous_gene_model_prediction;swissprot_caution_erroneous_termination	F4IMK4	MES19_ARATH	2	Sequence=AAC23770.1; Type=Erroneous gene model prediction; Evidence={ECO:0000305} | Sequence=AAC23770.1; Type=Erroneous termination; Note=Truncated C-terminus.; Evidence={ECO:0000305}	internal_difference_prefix1_suffix180_len260vs228	AT2G23570.1.TAIR10	260
Athaliana	AT3G55270.TAIR10	AT3G55270	swissprot_caution_erroneous_gene_model_prediction	Q9C5S1	MKP1_ARATH	1	Sequence=CAB75761.1; Type=Erroneous gene model prediction; Evidence={ECO:0000305}	same_length_571_mismatches	AT3G55270.1.TAIR10	784
Athaliana	AT4G35520.TAIR10	AT4G35520	swissprot_caution_erroneous_gene_model_prediction	F4JN26	MLH3_ARATH	2	Sequence=CAA20022.1; Type=Erroneous gene model prediction; Evidence={ECO:0000305} | Sequence=CAB80268.1; Type=Erroneous gene model prediction; Evidence={ECO:0000305}	internal_difference_prefix978_suffix177_len1155vs1169	AT4G35520.1.TAIR10	1155
Athaliana	AT4G15760.TAIR10	AT4G15760	swissprot_caution_erroneous_gene_model_prediction;swissprot_caution_erroneous_initiation	O81815	MO1_ARATH	2	Sequence=AEE83647.1; Type=Erroneous initiation; Note=Extended N-terminus.; Evidence={ECO:0000305} | Sequence=CAB10354.1; Type=Erroneous gene model prediction; Evidence={ECO:0000305} | Sequence=CAB78618.1; Type=Erroneous gene model prediction; Evidence={ECO:0000305}	reference_longer_by_25aa	AT4G15760.1.TAIR10	397
Athaliana	AT4G36270.TAIR10	AT4G36270	swissprot_caution_erroneous_gene_model_prediction	F4JPP0	MORC3_ARATH	3	Sequence=AEE86642.1; Type=Erroneous gene model prediction; Evidence={ECO:0000305} | Sequence=CAA18133.1; Type=Erroneous gene model prediction; Evidence={ECO:0000305} | Sequence=CAB80298.1; Type=Erroneous gene model prediction; Evidence={ECO:0000305}	internal_difference_prefix1_suffix95_len589vs486	AT4G36270.1.TAIR10	589
Athaliana	AT5G50780.TAIR10	AT5G50780	swissprot_caution_erroneous_gene_model_prediction	F4KAF2	MORC4_ARATH	1	Sequence=AED95991.1; Type=Erroneous gene model prediction; Evidence={ECO:0000305} | Sequence=BAA96991.2; Type=Erroneous gene model prediction; Evidence={ECO:0000305}	internal_difference_prefix452_suffix348_len800vs819	AT5G50780.1.TAIR10	800
Athaliana	AT4G24680.TAIR10	AT4G24680	swissprot_caution_erroneous_gene_model_prediction;swissprot_caution_erroneous_initiation	Q9SB63	MOS1_ARATH	1	Sequence=AAL32626.1; Type=Erroneous initiation; Note=Truncated N-terminus.; Evidence={ECO:0000305} | Sequence=AEE84942.1; Type=Erroneous gene model prediction; Evidence={ECO:0000305} | Sequence=CAA22995.1; Type=Erroneous gene model prediction; Evidence={ECO:0000305} | Sequence=CAB79378.1; Type=Erroneous gene model prediction; Evidence={ECO:0000305}	internal_difference_prefix9_suffix1203_len1412vs1427	AT4G24680.1.TAIR10	1412
Athaliana	AT5G09710.TAIR10	AT5G09710	swissprot_caution_erroneous_gene_model_prediction;swissprot_caution_frameshift	Q9LXD4	MRS29_ARATH	5	Sequence=BAB09529.1; Type=Erroneous gene model prediction; Evidence={ECO:0000305} | Sequence=BAB09529.1; Type=Frameshift; Evidence={ECO:0000305} | Sequence=CAB89359.1; Type=Erroneous gene model prediction; Evidence={ECO:0000305} | Sequence=CAB89359.1; Type=Frameshift; Evidence={ECO:0000305}	internal_difference_prefix88_suffix67_len387vs328	AT5G09710.1.TAIR10	387
Athaliana	AT4G20900.TAIR10	AT4G20900	swissprot_caution_erroneous_gene_model_prediction	Q9SUC3	MS5_ARATH	2	Sequence=AEE84373.1; Type=Erroneous gene model prediction; Evidence={ECO:0000305} | Sequence=CAB45885.1; Type=Erroneous gene model prediction; Evidence={ECO:0000305} | Sequence=CAB79090.1; Type=Erroneous gene model prediction; Evidence={ECO:0000305}	internal_difference_prefix215_suffix219_len434vs450	AT4G20900.1.TAIR10	434
Athaliana	AT5G56795.TAIR10	AT5G56795	swissprot_caution_erroneous_gene_model_prediction;swissprot_caution_frameshift	Q38803	MT1B_ARATH	5	Sequence=AB013392; Type=Frameshift; Evidence={ECO:0000305} | Sequence=AED96808.1; Type=Erroneous gene model prediction; Evidence={ECO:0000305} | Sequence=AED96808.1; Type=Frameshift; Evidence={ECO:0000305}	internal_difference_prefix10_suffix0_len45vs51	AT5G56795.1.TAIR10	45
Athaliana	AT2G42000.TAIR10	AT2G42000	swissprot_caution_erroneous_initiation	P93746	MT4A_ARATH	2	Sequence=AAB63543.1; Type=Erroneous initiation; Note=Extended N-terminus.; Evidence={ECO:0000305}	reference_longer_by_31aa	AT2G42000.1.TAIR10	84
Athaliana	AT5G37990.TAIR10	AT5G37990	swissprot_caution_erroneous_initiation	Q9FKC8	MT799_ARATH	3	Sequence=BAB09044.1; Type=Erroneous initiation; Note=Extended N-terminus.; Evidence={ECO:0000305}	reference_longer_by_43aa	AT5G37990.1.TAIR10	362
Athaliana	AT2G03050.TAIR10	AT2G03050	swissprot_caution_erroneous_initiation	Q84X53	MTEF1_ARATH	2	Sequence=AEC05659.1; Type=Erroneous initiation; Note=Truncated N-terminus.; Evidence={ECO:0000305}	reference_shorter_by_1aa	AT2G03050.1.TAIR10	284
Athaliana	AT2G04620.TAIR10	AT2G04620	swissprot_caution_erroneous_gene_model_prediction	Q9SI03	MTP12_ARATH	3	Sequence=AEC05849.1; Type=Erroneous gene model prediction; Evidence={ECO:0000305}	internal_difference_prefix1_suffix141_len300vs798	AT2G04620.1.TAIR10	300
Athaliana	AT5G57880.TAIR10	AT5G57880	swissprot_caution_erroneous_gene_model_prediction	F4KDF5	MUPS1_ARATH	2	Sequence=BAB08858.1; Type=Erroneous gene model prediction; Evidence={ECO:0000305}	internal_difference_prefix125_suffix252_len377vs385	AT5G57880.1.TAIR10	377
Athaliana	AT1G31720.TAIR10	AT1G31720	swissprot_caution_erroneous_gene_model_prediction	A2RVU1	MWL1_ARATH	1	Sequence=AAG60140.1; Type=Erroneous gene model prediction; Evidence={ECO:0000305}	reference_longer_by_19aa	AT1G31720.1.TAIR10	175
Athaliana	AT5G20490.TAIR10	AT5G20490	swissprot_caution_frameshift	F4K5J1	MYO17_ARATH	1	Sequence=AER51968.1; Type=Frameshift; Evidence={ECO:0000305}	reference_shorter_by_66aa	AT5G20490.2.TAIR10	1531
Athaliana	AT5G08740.TAIR10	AT5G08740	swissprot_caution_erroneous_gene_model_prediction;swissprot_caution_erroneous_termination	Q8GXR9	NDC1_ARATH	1	Sequence=BAC42708.1; Type=Erroneous termination; Note=Extended C-terminus.; Evidence={ECO:0000305} | Sequence=CAC35879.1; Type=Erroneous gene model prediction; Evidence={ECO:0000305}	same_length_2_mismatches	AT5G08740.1.TAIR10	519
Athaliana	AT4G09320.TAIR10	AT4G09320	swissprot_caution_erroneous_gene_model_prediction;swissprot_caution_erroneous_initiation	P39207	NDK1_ARATH	1	Sequence=AAK48956.1; Type=Erroneous initiation; Note=Truncated N-terminus.; Evidence={ECO:0000305} | Sequence=CAA49173.1; Type=Erroneous gene model prediction; Evidence={ECO:0000305}	reference_longer_by_20aa	AT4G09320.1.TAIR10	149
Athaliana	AT5G05660.TAIR10	AT5G05660	swissprot_caution_erroneous_gene_model_prediction;swissprot_caution_frameshift	Q9FFK8	NFXL2_ARATH	1	Sequence=AK228690; Type=Frameshift; Evidence={ECO:0000305} | Sequence=BAB09660.1; Type=Erroneous gene model prediction; Evidence={ECO:0000305}	reference_shorter_by_3aa	AT5G05660.1.TAIR10	883
Athaliana	AT4G08530.TAIR10	AT4G08530	swissprot_caution_erroneous_initiation	Q9M0T1	NLTPF_ARATH	2	Sequence=AAT85731.1; Type=Erroneous initiation; Note=Truncated N-terminus.; Evidence={ECO:0000305}	reference_shorter_by_23aa	AT4G08530.1.TAIR10	126
Athaliana	AT5G04050.TAIR10	AT5G04050	swissprot_caution_erroneous_gene_model_prediction	Q9LZA5	NMAT3_ARATH	3	Sequence=AED90691.1; Type=Erroneous gene model prediction; Evidence={ECO:0000305} | Sequence=CAB85525.1; Type=Erroneous gene model prediction; Evidence={ECO:0000305}	internal_difference_prefix574_suffix0_len723vs600	AT5G04050.1.TAIR10	723
Athaliana	AT5G27140.TAIR10	AT5G27140	swissprot_caution_erroneous_gene_model_prediction	O04656	NOP5C_ARATH	3	Sequence=AAB61074.1; Type=Erroneous gene model prediction; Evidence={ECO:0000305} | Sequence=AED93654.1; Type=Erroneous gene model prediction; Evidence={ECO:0000305}	internal_difference_prefix127_suffix0_len450vs445	AT5G27140.1.TAIR10	450
Athaliana	AT1G18800.TAIR10	AT1G18800	swissprot_caution_frameshift	Q8LC68	NRP2_ARATH	1	Sequence=AAO63312.1; Type=Frameshift; Evidence={ECO:0000305} | Sequence=BAC42657.1; Type=Frameshift; Evidence={ECO:0000305}	internal_difference_prefix201_suffix54_len255vs256	AT1G18800.1.TAIR10	255
Athaliana	AT4G15950.TAIR10	AT4G15950	swissprot_caution_erroneous_gene_model_prediction	Q6DBA5	NRPD4_ARATH	1	Sequence=CAB46033.1; Type=Erroneous gene model prediction; Evidence={ECO:0000305} | Sequence=CAB78637.1; Type=Erroneous gene model prediction; Evidence={ECO:0000305}	internal_difference_prefix116_suffix0_len205vs206	AT4G15950.1.TAIR10	205
Athaliana	AT5G44450.TAIR10	AT5G44450	swissprot_caution_erroneous_gene_model_prediction	Q5PP70	NTM1_ARATH	2	Sequence=BAB09152.1; Type=Erroneous gene model prediction; Evidence={ECO:0000305}	reference_longer_by_58aa	AT5G44450.1.TAIR10	276
Athaliana	AT1G33410.TAIR10	AT1G33410	swissprot_caution_erroneous_gene_model_prediction	Q9C811	NU160_ARATH	1	Sequence=AAG51224.1; Type=Erroneous gene model prediction; Evidence={ECO:0000305}	internal_difference_prefix1423_suffix72_len1495vs1504	AT1G33410.1.TAIR10	1495
Athaliana	ATCG00890.TAIR10	ATCG00890	swissprot_caution_erroneous_initiation	P0CC32	NU2C1_ARATH	2	Sequence=BAA84430.1; Type=Erroneous initiation; Note=Truncated N-terminus.; Evidence={ECO:0000305}	internal_difference_prefix1_suffix18_len512vs389	ATCG00890.1.TAIR10	512
Athaliana	ATCG01250.TAIR10	ATCG01250	swissprot_caution_erroneous_initiation	P0CC33	NU2C2_ARATH	2	Sequence=BAA84447.1; Type=Erroneous initiation; Note=Truncated N-terminus.; Evidence={ECO:0000305}	internal_difference_prefix1_suffix18_len512vs389	ATCG01250.1.TAIR10	512
Athaliana	ATMG00990.TAIR10	ATMG00990	swissprot_caution_erroneous_gene_model_prediction;swissprot_caution_erroneous_initiation	P92533	NU3M_ARATH	1	Sequence=AAM15514.1; Type=Erroneous gene model prediction; Evidence={ECO:0000305} | Sequence=DAB41517.2; Type=Erroneous initiation; Note=Truncated N-terminus.; Evidence={ECO:0000305}	same_length_9_mismatches	ATMG00990.1.TAIR10	119
Athaliana	ATCG01050.TAIR10	ATCG01050	swissprot_caution_frameshift	P26288	NU4C_ARATH	1	Sequence=CAA37837.1; Type=Frameshift; Evidence={ECO:0000305}	internal_difference_prefix0_suffix499_len500vs506	ATCG01050.1.TAIR10	500
Athaliana	AT1G08300.TAIR10	AT1G08300	swissprot_caution_erroneous_gene_model_prediction	A0A1P8ARG1	NVL_ARATH	4	Sequence=AAF18242.1; Type=Erroneous gene model prediction; Evidence={ECO:0000305} | Sequence=AAF18243.1; Type=Erroneous gene model prediction; Evidence={ECO:0000305}	internal_difference_prefix1_suffix0_len656vs746	AT1G08300.1.TAIR10	656
Athaliana	AT4G16730.TAIR10	AT4G16730	swissprot_caution_erroneous_gene_model_prediction	P0CJ42	OCISA_ARATH	5	Sequence=AEE83792.1; Type=Erroneous gene model prediction; Evidence={ECO:0000305} | Sequence=CAB10448.1; Type=Erroneous gene model prediction; Evidence={ECO:0000305} | Sequence=CAB78715.1; Type=Erroneous gene model prediction; Evidence={ECO:0000305}	internal_difference_prefix1_suffix0_len66vs539	AT4G16730.1.TAIR10	66
Athaliana	AT4G04030.TAIR10	AT4G04030	swissprot_caution_erroneous_initiation	P0DKG3	OFP9_ARATH	3	Sequence=AAC28202.1; Type=Erroneous initiation; Note=Truncated N-terminus.; Evidence={ECO:0000305} | Sequence=CAB77871.1; Type=Erroneous initiation; Note=Truncated N-terminus.; Evidence={ECO:0000305}	reference_shorter_by_287aa	AT4G04030.1.TAIR10	415
Athaliana	AT4G16370.TAIR10	AT4G16370	swissprot_caution_erroneous_gene_model_prediction	O23482	OPT3_ARATH	2	Sequence=CAB10414.1; Type=Erroneous gene model prediction; Evidence={ECO:0000305} | Sequence=CAB78679.1; Type=Erroneous gene model prediction; Evidence={ECO:0000305}	same_length_1_mismatches	AT4G16370.1.TAIR10	737
Athaliana	AT2G01120.TAIR10	AT2G01120	swissprot_caution_erroneous_gene_model_prediction;swissprot_caution_erroneous_initiation;swissprot_caution_frameshift	Q6EWX1	ORC4_ARATH	1	Sequence=AAF18660.1; Type=Erroneous gene model prediction; Evidence={ECO:0000305} | Sequence=AAF18660.1; Type=Frameshift; Evidence={ECO:0000305} | Sequence=AAR92242.1; Type=Erroneous initiation; Note=Truncated N-terminus.; Evidence={ECO:0000305} | Sequence=CAE52912.1; Type=Frameshift; Evidence={ECO:0000305}	internal_difference_prefix71_suffix252_len417vs418	AT2G01120.1.TAIR10	417
Athaliana	AT1G62320.TAIR10	AT1G62320	swissprot_caution_erroneous_gene_model_prediction	F4HYR3	OSC14_ARATH	3	Sequence=AEE33953.1; Type=Erroneous gene model prediction; Evidence={ECO:0000305}	internal_difference_prefix274_suffix165_len778vs769	AT1G62320.1.TAIR10	778
Athaliana	AT3G63340.TAIR10	AT3G63340	swissprot_caution_erroneous_gene_model_prediction	Q93YS2	P2C51_ARATH	2	Sequence=AEE80468.1; Type=Erroneous gene model prediction; Note=The predicted gene has been split into 2 genes: At3g63330 and At3g63340.; Evidence={ECO:0000305} | Sequence=AEE80469.1; Type=Erroneous gene model prediction; Note=The predicted gene has been split into 2 genes: At3g63330 and At3g63340.; Evidence={ECO:0000305} | Sequence=CAB86435.1; Type=Erroneous gene model prediction; Note=The predicted gene has been split into 2 genes: At3g63330 and At3g63340.; Evidence={ECO:0000305}	internal_difference_prefix505_suffix0_len528vs1041	AT3G63340.1.TAIR10	528
Athaliana	AT1G64460.TAIR10	AT1G64460	swissprot_caution_erroneous_gene_model_prediction;swissprot_caution_frameshift	Q9SGW8	P4KG2_ARATH	1	Sequence=AAF19692.1; Type=Erroneous gene model prediction; Evidence={ECO:0000305} | Sequence=AAF19692.1; Type=Frameshift; Evidence={ECO:0000305} | Sequence=AAS76698.1; Type=Frameshift; Evidence={ECO:0000305} | Sequence=AAS88785.1; Type=Frameshift; Evidence={ECO:0000305}	reference_shorter_by_249aa	AT1G64460.1.TAIR10	550
Athaliana	AT3G56600.TAIR10	AT3G56600	swissprot_caution_erroneous_initiation	Q0WMZ6	P4KG8_ARATH	2	Sequence=AEE79542.1; Type=Erroneous initiation; Note=Extended N-terminus.; Evidence={ECO:0000305} | Sequence=BAF01504.1; Type=Erroneous initiation; Note=Extended N-terminus.; Evidence={ECO:0000305}	reference_longer_by_3aa	AT3G56600.1.TAIR10	533
Athaliana	AT1G34140.TAIR10	AT1G34140	swissprot_caution_erroneous_gene_model_prediction	F4HT49	PABP1_ARATH	2	Sequence=AAG12523.1; Type=Erroneous gene model prediction; Evidence={ECO:0000305} | Sequence=AEE31676.1; Type=Erroneous gene model prediction; Evidence={ECO:0000305}	reference_shorter_by_90aa	AT1G34140.1.TAIR10	497
Athaliana	AT5G59650.TAIR10	AT5G59650	swissprot_caution_erroneous_gene_model_prediction	C0LGW2	PAM74_ARATH	1	Sequence=BAB09503.1; Type=Erroneous gene model prediction; Evidence={ECO:0000305}	internal_difference_prefix359_suffix518_len884vs892	AT5G59650.1.TAIR10	884
Athaliana	AT3G24790.TAIR10	AT3G24790	swissprot_caution_erroneous_initiation	Q9LRY1	PBL25_ARATH	2	Sequence=AEE76947.1; Type=Erroneous initiation; Note=Truncated N-terminus.; Evidence={ECO:0000305}	reference_shorter_by_18aa	AT3G24790.1.TAIR10	381
Athaliana	AT3G28690.TAIR10	AT3G28690	swissprot_caution_erroneous_gene_model_prediction	F4J0D2	PBL36_ARATH	1	Sequence=AEE77475.1; Type=Erroneous gene model prediction; Evidence={ECO:0000305}	reference_shorter_by_100aa	AT3G28690.1.TAIR10	476
Athaliana	AT3G50610.TAIR10	AT3G50610	swissprot_caution_erroneous_initiation;swissprot_caution_erroneous_termination	A0A1I9LMX5	PCEP9_ARATH	1	Sequence=ABK28235.1; Type=Erroneous termination; Note=Extended C-terminus.; Evidence={ECO:0000305} | Sequence=AEE78685.1; Type=Erroneous initiation; Note=Truncated N-terminus.; Evidence={ECO:0000305} | Sequence=CAB62490.1; Type=Erroneous initiation; Note=Truncated N-terminus.; Evidence={ECO:0000305}	reference_shorter_by_14aa	AT3G50610.1.TAIR10	243
Athaliana	AT4G24710.TAIR10	AT4G24710	swissprot_caution_erroneous_gene_model_prediction	Q8H1F9	PCH2_ARATH	2	Sequence=CAA22992.1; Type=Erroneous gene model prediction; Evidence={ECO:0000305} | Sequence=CAB79381.1; Type=Erroneous gene model prediction; Evidence={ECO:0000305}	reference_longer_by_8aa	AT4G24710.1.TAIR10	467
Athaliana	AT1G31670.TAIR10	AT1G31670	swissprot_caution_erroneous_gene_model_prediction	P0DN99	PCP12_ARATH	2	Sequence=AAG60154.1; Type=Erroneous gene model prediction; Note=The predicted gene At1g31670 has been split into 2 genes: At1g31670 and At1g31672.; Evidence={ECO:0000305} | Sequence=AEE31382.1; Type=Erroneous gene model prediction; Note=The predicted gene At1g31670 has been split into 2 genes: At1g31670 and At1g31672.; Evidence={ECO:0000305}	internal_difference_prefix89_suffix0_len92vs741	AT1G31670.1.TAIR10	92
Athaliana	AT1G80810.TAIR10	AT1G80810	swissprot_caution_erroneous_gene_model_prediction	A8MRD9	PDS5D_ARATH	2	Sequence=AAF14668.1; Type=Erroneous gene model prediction; Evidence={ECO:0000305}	internal_difference_prefix1_suffix276_len826vs773	AT1G80810.1.TAIR10	826
Athaliana	AT4G32710.TAIR10	AT4G32710	swissprot_caution_frameshift	O65530	PEK14_ARATH	2	Sequence=AY060577; Type=Frameshift; Evidence={ECO:0000305}	reference_shorter_by_343aa	AT4G32710.1.TAIR10	731
Athaliana	AT3G29255.TAIR10	AT3G29255	swissprot_caution_erroneous_gene_model_prediction;swissprot_caution_frameshift	Q9LS68	PEN7_ARATH	5	Sequence=AEE77558.1; Type=Erroneous gene model prediction; Evidence={ECO:0000305} | Sequence=BAB01823.1; Type=Erroneous gene model prediction; Evidence={ECO:0000305} | Sequence=BAB01823.1; Type=Frameshift; Evidence={ECO:0000305}	internal_difference_prefix0_suffix601_len761vs706	AT3G29255.1.TAIR10	761
Athaliana	AT1G77100.TAIR10	AT1G77100	swissprot_caution_erroneous_initiation	O49293	PER13_ARATH	3	Sequence=AAC00622.1; Type=Erroneous initiation; Note=Extended N-terminus.; Evidence={ECO:0000305}	reference_longer_by_17aa	AT1G77100.1.TAIR10	319
Athaliana	AT2G41480.TAIR10	AT2G41480	swissprot_caution_erroneous_initiation	O80822	PER25_ARATH	2	Sequence=AAC23733.1; Type=Erroneous initiation; Note=Extended N-terminus.; Evidence={ECO:0000305}	reference_longer_by_13aa	AT2G41480.1.TAIR10	328
Athaliana	AT4G16270.TAIR10	AT4G16270	swissprot_caution_erroneous_gene_model_prediction;swissprot_caution_erroneous_initiation	O23474	PER40_ARATH	2	Sequence=BAD43424.1; Type=Erroneous initiation; Note=Extended N-terminus.; Evidence={ECO:0000305} | Sequence=BAD43745.1; Type=Erroneous initiation; Note=Extended N-terminus.; Evidence={ECO:0000305} | Sequence=CAB10406.1; Type=Erroneous gene model prediction; Evidence={ECO:0000305} | Sequence=CAB78669.1; Type=Erroneous gene model prediction; Evidence={ECO:0000305}	reference_longer_by_14aa	AT4G16270.1.TAIR10	348
Athaliana	AT4G25980.TAIR10	AT4G25980	swissprot_caution_erroneous_initiation	Q9SZH2	PER43_ARATH	3	Sequence=CAB39663.1; Type=Erroneous initiation; Note=Extended N-terminus.; Evidence={ECO:0000305} | Sequence=CAB79453.1; Type=Erroneous initiation; Note=Extended N-terminus.; Evidence={ECO:0000305}	reference_longer_by_45aa	AT4G25980.1.TAIR10	326
Athaliana	AT4G33870.TAIR10	AT4G33870	swissprot_caution_erroneous_gene_model_prediction	O81755	PER48_ARATH	3	Sequence=CAA19869.1; Type=Erroneous gene model prediction; Evidence={ECO:0000305} | Sequence=CAB80104.1; Type=Erroneous gene model prediction; Evidence={ECO:0000305}	internal_difference_prefix176_suffix213_len404vs401	AT4G33870.1.TAIR10	404
Athaliana	AT3G24540.TAIR10	AT3G24540	swissprot_caution_erroneous_gene_model_prediction	Q1PEM5	PERK3_ARATH	2	Sequence=BAB02005.1; Type=Erroneous gene model prediction; Evidence={ECO:0000305}	internal_difference_prefix161_suffix348_len513vs509	AT3G24540.1.TAIR10	513
Athaliana	AT5G45580.TAIR10	AT5G45580	swissprot_caution_erroneous_gene_model_prediction;swissprot_caution_erroneous_initiation	C0SVS4	PHLB_ARATH	1	Sequence=AED95271.1; Type=Erroneous initiation; Note=Truncated N-terminus.; Evidence={ECO:0000305} | Sequence=BAB11197.1; Type=Erroneous gene model prediction; Evidence={ECO:0000305}	reference_shorter_by_16aa	AT5G45580.1.TAIR10	280
Athaliana	AT4G32070.TAIR10	AT4G32070	swissprot_caution_erroneous_gene_model_prediction	F4JTI1	PHOX4_ARATH	2	Sequence=CAA16582.1; Type=Erroneous gene model prediction; Evidence={ECO:0000305} | Sequence=CAB79925.1; Type=Erroneous gene model prediction; Evidence={ECO:0000305}	internal_difference_prefix729_suffix53_len782vs811	AT4G32070.1.TAIR10	782
Athaliana	AT1G08910.TAIR10	AT1G08910	swissprot_caution_erroneous_gene_model_prediction	A0A0A7EPL0	PIAL1_ARATH	1	Sequence=AAB70421.1; Type=Erroneous gene model prediction; Evidence={ECO:0000305}	internal_difference_prefix317_suffix505_len847vs829	AT1G08910.1.TAIR10	847
Athaliana	AT5G04020.TAIR10	AT5G04020	swissprot_caution_erroneous_gene_model_prediction	A0A1P8BH59	PICBP_ARATH	2	Sequence=CAB85522.1; Type=Erroneous gene model prediction; Evidence={ECO:0000305}	internal_difference_prefix93_suffix1395_len1488vs1495	AT5G04020.1.TAIR10	1488
Athaliana	AT5G10890.TAIR10	AT5G10890	swissprot_caution_erroneous_initiation	A0A1P8B9P9	PL1_ARATH	3	Sequence=AED91606.1; Type=Erroneous initiation; Note=Truncated N-terminus.; Evidence={ECO:0000305} | Sequence=CAB96844.1; Type=Erroneous initiation; Note=Truncated N-terminus.; Evidence={ECO:0000305}	reference_shorter_by_39aa	AT5G10890.1.TAIR10	334
Athaliana	AT2G44810.TAIR10	AT2G44810	swissprot_caution_erroneous_initiation	Q948R1	PLA11_ARATH	1	Sequence=AAC31843.1; Type=Erroneous initiation; Note=Truncated N-terminus.; Evidence={ECO:0000305} | Sequence=AAL69449.1; Type=Erroneous initiation; Note=Truncated N-terminus.; Evidence={ECO:0000305} | Sequence=AAM14879.1; Type=Erroneous initiation; Note=Truncated N-terminus.; Evidence={ECO:0000305} | Sequence=AEC10469.1; Type=Erroneous initiation; Note=Truncated N-terminus.; Evidence={ECO:0000305}	reference_shorter_by_90aa	AT2G44810.1.TAIR10	447
Athaliana	AT2G31100.TAIR10	AT2G31100	swissprot_caution_erroneous_termination	O82274	PLA19_ARATH	1	Sequence=AAC63840.1; Type=Erroneous termination; Note=Truncated C-terminus.; Evidence={ECO:0000305}	same_length_1_mismatches	AT2G31100.1.TAIR10	414
Athaliana	AT5G15110.TAIR10	AT5G15110	swissprot_caution_erroneous_termination	Q9LFP5	PLY19_ARATH	2	Sequence=ABK28696.1; Type=Erroneous termination; Note=Extended C-terminus.; Evidence={ECO:0000305}	same_length_1_mismatches	AT5G15110.1.TAIR10	472
Athaliana	AT2G24520.TAIR10	AT2G24520	swissprot_caution_erroneous_gene_model_prediction	Q9SJB3	PMA5_ARATH	2	Sequence=AAD23893.1; Type=Erroneous gene model prediction; Evidence={ECO:0000305} | Sequence=AEC07588.1; Type=Erroneous gene model prediction; Evidence={ECO:0000305}	reference_shorter_by_18aa	AT2G24520.1.TAIR10	949
Athaliana	AT2G17210.TAIR10	AT2G17210	swissprot_caution_erroneous_gene_model_prediction	Q9SII7	PP159_ARATH	3	Sequence=AAD25139.1; Type=Erroneous gene model prediction; Evidence={ECO:0000305}	internal_difference_prefix1_suffix652_len736vs715	AT2G17210.1.TAIR10	736
Athaliana	AT2G41080.TAIR10	AT2G41080	swissprot_caution_erroneous_initiation	Q8S9M4	PP198_ARATH	2	Sequence=AAD12003.1; Type=Erroneous initiation; Note=Truncated N-terminus.; Evidence={ECO:0000305} | Sequence=AAL69458.1; Type=Erroneous initiation; Note=Truncated N-terminus.; Evidence={ECO:0000305}	reference_shorter_by_85aa	AT2G41080.1.TAIR10	650
Athaliana	AT3G53170.TAIR10	AT3G53170	swissprot_caution_erroneous_gene_model_prediction;swissprot_caution_erroneous_initiation	Q9SCP4	PP279_ARATH	3	Sequence=AEE79044.1; Type=Erroneous gene model prediction; Evidence={ECO:0000305} | Sequence=AEE79044.1; Type=Erroneous initiation; Note=Extended N-terminus.; Evidence={ECO:0000305}	internal_difference_prefix1_suffix0_len447vs499	AT3G53170.1.TAIR10	447
Athaliana	AT3G63370.TAIR10	AT3G63370	swissprot_caution_erroneous_gene_model_prediction	Q9M1V3	PP296_ARATH	2	Sequence=CAB86438.1; Type=Erroneous gene model prediction; Evidence={ECO:0000305}	internal_difference_prefix866_suffix0_len960vs884	AT3G63370.1.TAIR10	960
Athaliana	AT4G19220.TAIR10	AT4G19220	swissprot_caution_erroneous_gene_model_prediction	O49680	PP324_ARATH	3	Sequence=CAA16711.1; Type=Erroneous gene model prediction; Evidence={ECO:0000305} | Sequence=CAB78924.1; Type=Erroneous gene model prediction; Evidence={ECO:0000305}	internal_difference_prefix527_suffix405_len951vs932	AT4G19220.1.TAIR10	951
Athaliana	AT4G19440.TAIR10	AT4G19440	swissprot_caution_erroneous_initiation	Q940A6	PP325_ARATH	2	Sequence=AAL07224.1; Type=Erroneous initiation; Note=Truncated N-terminus.; Evidence={ECO:0000305} | Sequence=CAA18631.1; Type=Erroneous initiation; Note=Truncated N-terminus.; Evidence={ECO:0000305} | Sequence=CAB78946.1; Type=Erroneous initiation; Note=Truncated N-terminus.; Evidence={ECO:0000305}	reference_shorter_by_13aa	AT4G19440.2.TAIR10	838
Athaliana	AT4G21170.TAIR10	AT4G21170	swissprot_caution_erroneous_gene_model_prediction	O49558	PP331_ARATH	3	Sequence=CAA17536.1; Type=Erroneous gene model prediction; Evidence={ECO:0000305} | Sequence=CAB79117.1; Type=Erroneous gene model prediction; Evidence={ECO:0000305}	internal_difference_prefix428_suffix106_len585vs551	AT4G21170.1.TAIR10	585
Athaliana	AT4G26800.TAIR10	AT4G26800	swissprot_caution_erroneous_initiation	Q9SZ20	PP339_ARATH	2	Sequence=BX838540; Type=Miscellaneous discrepancy; Note=Sequencing errors.; Evidence={ECO:0000305} | Sequence=CAB36526.1; Type=Erroneous initiation; Evidence={ECO:0000305} | Sequence=CAB79535.1; Type=Erroneous initiation; Evidence={ECO:0000305}	internal_difference_prefix1_suffix367_len514vs369	AT4G26800.1.TAIR10	514
Athaliana	AT4G31070.TAIR10	AT4G31070	swissprot_caution_erroneous_initiation	O65543	PP343_ARATH	3	Sequence=CAA18186.1; Type=Erroneous initiation; Note=Truncated N-terminus.; Evidence={ECO:0000305} | Sequence=CAB79825.1; Type=Erroneous initiation; Note=Truncated N-terminus.; Evidence={ECO:0000305}	reference_shorter_by_11aa	AT4G31070.1.TAIR10	624
Athaliana	AT5G14770.TAIR10	AT5G14770	swissprot_caution_erroneous_initiation	Q9LER0	PP381_ARATH	3	Sequence=CAC01876.1; Type=Erroneous initiation; Note=Truncated N-terminus.; Evidence={ECO:0000305}	reference_shorter_by_2aa	AT5G14770.1.TAIR10	940
Athaliana	AT5G36300.TAIR10	AT5G36300	swissprot_caution_erroneous_gene_model_prediction	Q9FFZ2	PP402_ARATH	3	Sequence=AED94067.1; Type=Erroneous gene model prediction; Evidence={ECO:0000305} | Sequence=BAB10889.1; Type=Erroneous gene model prediction; Evidence={ECO:0000305}	internal_difference_prefix1_suffix0_len330vs284	AT5G36300.1.TAIR10	330
Athaliana	AT5G55840.TAIR10	AT5G55840	swissprot_caution_erroneous_gene_model_prediction	Q9LVQ5	PP432_ARATH	3	Sequence=AED96686.1; Type=Erroneous gene model prediction; Evidence={ECO:0000305} | Sequence=BAA97283.1; Type=Erroneous gene model prediction; Evidence={ECO:0000305}	internal_difference_prefix1_suffix1081_len1096vs1136	AT5G55840.1.TAIR10	1096
Athaliana	AT4G13700.TAIR10	AT4G13700	swissprot_caution_erroneous_gene_model_prediction	Q6TPH1	PPA23_ARATH	1	Sequence=CAB36834.1; Type=Erroneous gene model prediction; Evidence={ECO:0000305} | Sequence=CAB78412.1; Type=Erroneous gene model prediction; Evidence={ECO:0000305}	same_length_1_mismatches	AT4G13700.1.TAIR10	458
Athaliana	AT5G02080.TAIR10	AT5G02080	swissprot_caution_erroneous_gene_model_prediction;swissprot_caution_erroneous_initiation;swissprot_caution_frameshift	Q9LZM3	PPCS2_ARATH	2	Sequence=AED90429.1; Type=Erroneous gene model prediction; Evidence={ECO:0000305} | Sequence=AED90429.1; Type=Erroneous initiation; Note=Truncated N-terminus.; Evidence={ECO:0000305} | Sequence=CAB82981.1; Type=Erroneous gene model prediction; Evidence={ECO:0000305} | Sequence=CAB82981.1; Type=Frameshift; Evidence={ECO:0000305}	internal_difference_prefix2_suffix169_len309vs270	AT5G02080.1.TAIR10	309
Athaliana	AT1G06710.TAIR10	AT1G06710	swissprot_caution_erroneous_gene_model_prediction	Q9M9X9	PPR18_ARATH	3	Sequence=AEE28027.1; Type=Erroneous gene model prediction; Evidence={ECO:0000305}	internal_difference_prefix983_suffix0_len987vs997	AT1G06710.1.TAIR10	987
Athaliana	AT1G12700.TAIR10	AT1G12700	swissprot_caution_erroneous_gene_model_prediction	P0C7Q7	PPR38_ARATH	3	Sequence=AAF88093.1; Type=Erroneous gene model prediction; Note=The predicted gene has been split into 2 genes: At1g12680 and At1g12700.; Evidence={ECO:0000305}	internal_difference_prefix590_suffix0_len602vs735	AT1G12700.1.TAIR10	602
Athaliana	AT1G13630.TAIR10	AT1G13630	swissprot_caution_erroneous_gene_model_prediction;swissprot_caution_erroneous_initiation	Q9LMY5	PPR41_ARATH	3	Sequence=AAF81289.1; Type=Erroneous gene model prediction; Evidence={ECO:0000305} | Sequence=AAF99828.1; Type=Erroneous initiation; Evidence={ECO:0000305} | Sequence=AEE29049.1; Type=Erroneous gene model prediction; Evidence={ECO:0000305}	internal_difference_prefix1_suffix0_len826vs806	AT1G13630.1.TAIR10	826
Athaliana	AT1G28020.TAIR10	AT1G28020	swissprot_caution_erroneous_gene_model_prediction	Q9C7F1	PPR61_ARATH	3	Sequence=AAG51479.1; Type=Erroneous gene model prediction; Evidence={ECO:0000305}	internal_difference_prefix532_suffix0_len566vs612	AT1G28020.1.TAIR10	566
Athaliana	AT4G14180.TAIR10	AT4G14180	swissprot_caution_erroneous_gene_model_prediction	O23277	PRD1_ARATH	1	Sequence=CAB46002.1; Type=Erroneous gene model prediction; Evidence={ECO:0000305} | Sequence=CAB78460.1; Type=Erroneous gene model prediction; Evidence={ECO:0000305}	internal_difference_prefix357_suffix608_len1330vs1268	AT4G14180.1.TAIR10	1330
Athaliana	AT4G38780.TAIR10	AT4G38780	swissprot_caution_erroneous_gene_model_prediction	Q9T0I6	PRP8B_ARATH	3	Sequence=AEE86973.1; Type=Erroneous gene model prediction; Evidence={ECO:0000305} | Sequence=CAB38612.1; Type=Erroneous gene model prediction; Evidence={ECO:0000305} | Sequence=CAB80541.1; Type=Erroneous gene model prediction; Evidence={ECO:0000305}	internal_difference_prefix66_suffix2266_len2359vs2332	AT4G38780.1.TAIR10	2359
Athaliana	AT1G53780.TAIR10	AT1G53780	swissprot_caution_erroneous_gene_model_prediction	Q9SSB4	PRS7B_ARATH	1	Sequence=AAF02853.1; Type=Erroneous gene model prediction; Evidence={ECO:0000305}	reference_longer_by_134aa	AT1G53780.1.TAIR10	464
Athaliana	AT1G63770.TAIR10	AT1G63770	swissprot_caution_erroneous_gene_model_prediction	Q8H0S9	PSA_ARATH	2	Sequence=AAG52429.1; Type=Erroneous gene model prediction; Evidence={ECO:0000305} | Sequence=AAG52451.1; Type=Erroneous gene model prediction; Evidence={ECO:0000305} | Sequence=AEE34146.1; Type=Erroneous gene model prediction; Evidence={ECO:0000305}	internal_difference_prefix1_suffix0_len883vs918	AT1G63770.1.TAIR10	883
Athaliana	AT3G13330.TAIR10	AT3G13330	swissprot_caution_erroneous_gene_model_prediction	F4JC97	PSME4_ARATH	2	Sequence=BAB02802.1; Type=Erroneous gene model prediction; Evidence={ECO:0000305}	internal_difference_prefix352_suffix1459_len1811vs1816	AT3G13330.1.TAIR10	1811
Athaliana	AT5G39790.TAIR10	AT5G39790	swissprot_caution_erroneous_gene_model_prediction	Q94AX2	PTST_ARATH	1	Sequence=AED94476.1; Type=Erroneous gene model prediction; Evidence={ECO:0000305}	internal_difference_prefix118_suffix155_len277vs273	AT5G39790.1.TAIR10	277
Athaliana	AT2G28830.TAIR10	AT2G28830	swissprot_caution_erroneous_gene_model_prediction	Q9ZV31	PUB12_ARATH	2	Sequence=AEC08178.2; Type=Erroneous gene model prediction; Evidence={ECO:0000305}	internal_difference_prefix645_suffix0_len654vs962	AT2G28830.1.TAIR10	654
Athaliana	AT3G11840.TAIR10	AT3G11840	swissprot_caution_erroneous_initiation	Q9SF15	PUB24_ARATH	1	Sequence=BAH19773.1; Type=Erroneous initiation; Note=Extended N-terminus.; Evidence={ECO:0000305}	reference_longer_by_14aa	AT3G11840.1.TAIR10	456
Athaliana	AT3G47820.TAIR10	AT3G47820	swissprot_caution_erroneous_initiation	Q9STT1	PUB39_ARATH	1	Sequence=CAB41865.1; Type=Erroneous initiation; Note=Truncated N-terminus.; Evidence={ECO:0000305}	reference_shorter_by_22aa	AT3G47820.1.TAIR10	531
Athaliana	AT1G56030.TAIR10	AT1G56030	swissprot_caution_erroneous_gene_model_prediction	Q9SGT1	PUB57_ARATH	2	Sequence=AAF02851.1; Type=Erroneous gene model prediction; Evidence={ECO:0000305} | Sequence=AAF79327.1; Type=Erroneous gene model prediction; Evidence={ECO:0000305}	internal_difference_prefix313_suffix58_len391vs371	AT1G56030.1.TAIR10	391
Athaliana	AT1G56040.TAIR10	AT1G56040	swissprot_caution_erroneous_gene_model_prediction	Q9SGT2	PUB58_ARATH	3	Sequence=AAF02844.1; Type=Erroneous gene model prediction; Evidence={ECO:0000305}	reference_longer_by_65aa	AT1G56040.1.TAIR10	420
Athaliana	AT4G08560.TAIR10	AT4G08560	swissprot_caution_erroneous_gene_model_prediction	P0DN95	PUM15_ARATH	3	Sequence=AAC28191.1; Type=Erroneous gene model prediction; Note=The predicted gene At4g08560 has been split into 2 genes: At4g08558 and At4g08560.; Evidence={ECO:0000305} | Sequence=AEE82658.1; Type=Erroneous gene model prediction; Note=The predicted gene At4g08560 has been split into 2 genes: At4g08558 and At4g08560.; Evidence={ECO:0000305} | Sequence=CAB77981.1; Type=Erroneous gene model prediction; Note=The predicted gene At4g08560 has been split into 2 genes: At4g08558 and At4g08560.; Evidence={ECO:0000305}	internal_difference_prefix1_suffix0_len444vs477	AT4G08560.1.TAIR10	444
Athaliana	AT1G35850.TAIR10	AT1G35850	swissprot_caution_erroneous_gene_model_prediction;swissprot_caution_frameshift	Q9C8B8	PUM17_ARATH	5	Sequence=AAG51092.1; Type=Erroneous gene model prediction; Evidence={ECO:0000305} | Sequence=AAG51092.1; Type=Frameshift; Evidence={ECO:0000305} | Sequence=AEE31831.1; Type=Erroneous gene model prediction; Evidence={ECO:0000305}	internal_difference_prefix73_suffix231_len332vs304	AT1G35850.1.TAIR10	332
Athaliana	AT1G21620.TAIR10	AT1G21620	swissprot_caution_erroneous_gene_model_prediction;swissprot_caution_frameshift	Q9XI17	PUM20_ARATH	5	Sequence=AAD41414.1; Type=Erroneous gene model prediction; Evidence={ECO:0000305} | Sequence=AAD41414.1; Type=Frameshift; Evidence={ECO:0000305} | Sequence=AC015447; Type=Frameshift; Evidence={ECO:0000305} | Sequence=AEE30127.1; Type=Erroneous gene model prediction; Evidence={ECO:0000305}	internal_difference_prefix173_suffix135_len332vs308	AT1G21620.1.TAIR10	332
Athaliana	AT1G47603.TAIR10	AT1G47603	swissprot_caution_erroneous_gene_model_prediction	Q9SX93	PUP19_ARATH	3	Sequence=AEE32193.1; Type=Erroneous gene model prediction; Evidence={ECO:0000305}	internal_difference_prefix16_suffix376_len392vs393	AT1G47603.1.TAIR10	392
Athaliana	AT4G18220.TAIR10	AT4G18220	swissprot_caution_erroneous_gene_model_prediction	O49726	PUP21_ARATH	2	Sequence=CAA16794.1; Type=Erroneous gene model prediction; Evidence={ECO:0000305} | Sequence=CAB78824.1; Type=Erroneous gene model prediction; Evidence={ECO:0000305}	internal_difference_prefix10_suffix334_len390vs344	AT4G18220.1.TAIR10	390
Athaliana	AT4G14250.TAIR10	AT4G14250	swissprot_caution_erroneous_gene_model_prediction;swissprot_caution_erroneous_termination	P0DKI4	PUX14_ARATH	5	Sequence=CAB10204.1; Type=Erroneous gene model prediction; Note=The predicted gene At4g14250 has been split into 2 genes: At4g14245 and At4g14250.; Evidence={ECO:0000305} | Sequence=CAB10204.1; Type=Erroneous termination; Note=Truncated C-terminus.; Evidence={ECO:0000305} | Sequence=CAB78467.1; Type=Erroneous gene model prediction; Note=The predicted gene At4g14250 has been split into 2 genes: At4g14245 and At4g14250.; Evidence={ECO:0000305} | Sequence=CAB78467.1; Type=Erroneous termination; Note=Truncated C-terminus.; Evidence={ECO:0000305}	internal_difference_prefix142_suffix6_len417vs821	AT4G14250.1.TAIR10	417
Athaliana	AT1G59550.TAIR10	AT1G59550	swissprot_caution_erroneous_gene_model_prediction	Q94HV8	PUX15_ARATH	5	Sequence=AAF79774.1; Type=Erroneous gene model prediction; Evidence={ECO:0000305} | Sequence=AAK62798.1; Type=Erroneous gene model prediction; Evidence={ECO:0000305} | Sequence=AEE33588.1; Type=Erroneous gene model prediction; Evidence={ECO:0000305}	internal_difference_prefix128_suffix133_len359vs307	AT1G59550.1.TAIR10	359
Athaliana	AT1G80090.TAIR10	AT1G80090	swissprot_caution_erroneous_gene_model_prediction	Q8GXI9	PV42B_ARATH	2	Sequence=AAD55486.1; Type=Erroneous gene model prediction; Evidence={ECO:0000305}	internal_difference_prefix1_suffix319_len357vs402	AT1G80090.1.TAIR10	357
Athaliana	AT5G43160.TAIR10	AT5G43160	swissprot_caution_erroneous_gene_model_prediction	F4K4M0	QWRF9_ARATH	3	Sequence=AED94917.1; Type=Erroneous gene model prediction; Evidence={ECO:0000305} | Sequence=BAB08280.1; Type=Erroneous gene model prediction; Evidence={ECO:0000305}	internal_difference_prefix1_suffix257_len513vs261	AT5G43160.1.TAIR10	513
Athaliana	AT2G39590.TAIR10	AT2G39590	swissprot_caution_erroneous_initiation	O80646	R15A3_ARATH	2	Sequence=AAC27850.1; Type=Erroneous initiation; Note=Extended N-terminus.; Evidence={ECO:0000305} | Sequence=ABE65894.1; Type=Erroneous initiation; Note=Extended N-terminus.; Evidence={ECO:0000305}	reference_longer_by_6aa	AT2G39590.1.TAIR10	130
Athaliana	AT1G05810.TAIR10	AT1G05810	swissprot_caution_erroneous_initiation	P19892	RAA5E_ARATH	2	Sequence=AAP06819.1; Type=Erroneous initiation; Note=Extended N-terminus.; Evidence={ECO:0000305}	reference_longer_by_43aa	AT1G05810.1.TAIR10	218
Athaliana	AT4G36570.TAIR10	AT4G36570	swissprot_caution_erroneous_gene_model_prediction	Q6NNN0	RADL3_ARATH	2	Sequence=AEE86673.1; Type=Erroneous gene model prediction; Evidence={ECO:0000305} | Sequence=CAB16836.1; Type=Erroneous gene model prediction; Evidence={ECO:0000305} | Sequence=CAB80323.1; Type=Erroneous gene model prediction; Evidence={ECO:0000305}	internal_difference_prefix55_suffix1_len81vs58	AT4G36570.1.TAIR10	81
Athaliana	AT1G19230.TAIR10	AT1G19230	swissprot_caution_erroneous_gene_model_prediction	O81211	RBOHE_ARATH	2	Sequence=AAC39478.1; Type=Erroneous gene model prediction; Evidence={ECO:0000305} | Sequence=AAF82233.1; Type=Erroneous gene model prediction; Evidence={ECO:0000305} | Sequence=AEE29820.1; Type=Erroneous gene model prediction; Evidence={ECO:0000305}	internal_difference_prefix261_suffix673_len952vs934	AT1G19230.2.TAIR10	952
Athaliana	AT4G24580.TAIR10	AT4G24580	swissprot_caution_erroneous_gene_model_prediction	F4JQZ3	REN1_ARATH	1	Sequence=CAA23005.1; Type=Erroneous gene model prediction; Evidence={ECO:0000305} | Sequence=CAB79368.1; Type=Erroneous gene model prediction; Evidence={ECO:0000305}	internal_difference_prefix413_suffix507_len920vs933	AT4G24580.1.TAIR10	920
Athaliana	AT3G60650.TAIR10	AT3G60650	swissprot_caution_erroneous_gene_model_prediction	F4JBX1	RGF10_ARATH	1	Sequence=CAB82669.1; Type=Erroneous gene model prediction; Evidence={ECO:0000305}	internal_difference_prefix1_suffix97_len143vs107	AT3G60650.1.TAIR10	143
Athaliana	AT5G63630.TAIR10	AT5G63630	swissprot_caution_erroneous_initiation	Q9FFQ1	RH31_ARATH	2	Sequence=BAB10456.1; Type=Erroneous initiation; Note=Truncated N-terminus.; Evidence={ECO:0000305}	reference_longer_by_72aa	AT5G63630.1.TAIR10	716
Athaliana	AT1G28180.TAIR10	AT1G28180	swissprot_caution_erroneous_initiation	Q9FZ92	RH44_ARATH	5	Sequence=AAF98437.1; Type=Erroneous initiation; Note=Truncated N-terminus.; Evidence={ECO:0000305}	reference_shorter_by_8aa	AT1G28180.1.TAIR10	622
Athaliana	AT1G11340.TAIR10	AT1G11340	swissprot_caution_erroneous_gene_model_prediction	Q9ZT07	RKS1_ARATH	3	Sequence=AAC95352.1; Type=Erroneous gene model prediction; Evidence={ECO:0000305} | Sequence=AAD49988.1; Type=Erroneous gene model prediction; Evidence={ECO:0000305} | Sequence=AAF16651.1; Type=Erroneous gene model prediction; Evidence={ECO:0000305}	reference_longer_by_68aa	AT1G11340.1.TAIR10	833
Athaliana	AT2G47570.TAIR10	AT2G47570	swissprot_caution_erroneous_gene_model_prediction	O22254	RL181_ARATH	3	Sequence=AAC62853.2; Type=Erroneous gene model prediction | Sequence=AEC10859.2; Type=Erroneous gene model prediction; Evidence={ECO:0000305}	reference_shorter_by_53aa	AT2G47570.1.TAIR10	188
Athaliana	AT5G60900.TAIR10	AT5G60900	swissprot_caution_frameshift	Q39202	RLK1_ARATH	2	Sequence=AB008269; Type=Frameshift; Evidence={ECO:0000305}	internal_difference_prefix275_suffix313_len832vs748	AT5G60900.1.TAIR10	832
Athaliana	AT2G15042.TAIR10	AT2G15042	swissprot_caution_erroneous_gene_model_prediction	Q9ZUK7	RLP18_ARATH	2	Sequence=AAD03361.1; Type=Erroneous gene model prediction; Evidence={ECO:0000305} | Sequence=AEC06363.2; Type=Erroneous gene model prediction; Note=Was originally thought to correspond to two different genes At2g15040 and At5g15042.; Evidence={ECO:0000305}	internal_difference_prefix1_suffix347_len826vs543	AT2G15042.1.TAIR10	826
Athaliana	AT1G07390.TAIR10	AT1G07390	swissprot_caution_erroneous_gene_model_prediction;swissprot_caution_erroneous_initiation	Q9LNV9	RLP1_ARATH	2	Sequence=AAF79567.1; Type=Erroneous gene model prediction; Note=Was originally thought to correspond to two different genes.; Evidence={ECO:0000305} | Sequence=AAF79568.1; Type=Erroneous gene model prediction; Note=Was originally thought to correspond to two different genes.; Evidence={ECO:0000305} | Sequence=BAE98877.1; Type=Erroneous initiation; Note=Truncated N-terminus.; Evidence={ECO:0000305}	reference_shorter_by_43aa	AT1G07390.1.TAIR10	1077
Athaliana	AT2G25470.TAIR10	AT2G25470	swissprot_caution_erroneous_gene_model_prediction	Q9SKK2	RLP21_ARATH	3	Sequence=AAD20706.1; Type=Erroneous gene model prediction; Evidence={ECO:0000305}	internal_difference_prefix3_suffix612_len978vs935	AT2G25470.1.TAIR10	978
Athaliana	AT2G32660.TAIR10	AT2G32660	swissprot_caution_erroneous_initiation	O48851	RLP22_ARATH	2	Sequence=AEC08713.1; Type=Erroneous initiation; Note=Truncated N-terminus.; Evidence={ECO:0000305} | Sequence=BAF00101.1; Type=Erroneous initiation; Note=Truncated N-terminus.; Evidence={ECO:0000305}	reference_shorter_by_182aa	AT2G32660.1.TAIR10	771
Athaliana	AT2G33080.TAIR10	AT2G33080	swissprot_caution_erroneous_gene_model_prediction	O49325	RLP28_ARATH	2	Sequence=AAC04912.1; Type=Erroneous gene model prediction; Evidence={ECO:0000305} | Sequence=AEC08783.1; Type=Erroneous gene model prediction; Evidence={ECO:0000305}	internal_difference_prefix688_suffix0_len778vs740	AT2G33080.1.TAIR10	778
Athaliana	AT3G11010.TAIR10	AT3G11010	swissprot_caution_erroneous_initiation	Q9SRL2	RLP34_ARATH	2	Sequence=BAC42094.1; Type=Erroneous initiation; Note=Truncated N-terminus.; Evidence={ECO:0000305}	reference_shorter_by_63aa	AT3G11010.1.TAIR10	957
Athaliana	AT3G23010.TAIR10	AT3G23010	swissprot_caution_erroneous_gene_model_prediction	Q1PEN0	RLP36_ARATH	2	Sequence=AEE76705.1; Type=Erroneous gene model prediction; Evidence={ECO:0000305} | Sequence=BAB02092.1; Type=Erroneous gene model prediction; Evidence={ECO:0000305}	reference_shorter_by_123aa	AT3G23010.1.TAIR10	718
Athaliana	AT3G24982.TAIR10	AT3G24982	swissprot_caution_erroneous_gene_model_prediction;swissprot_caution_erroneous_initiation	Q9LRW9	RLP40_ARATH	2	Sequence=AAR24718.1; Type=Erroneous initiation; Note=Truncated N-terminus.; Evidence={ECO:0000305} | Sequence=AEE76963.1; Type=Erroneous gene model prediction; Evidence={ECO:0000305}	internal_difference_prefix1_suffix240_len883vs915	AT3G24982.1.TAIR10	883
Athaliana	AT3G53240.TAIR10	AT3G53240	swissprot_caution_erroneous_gene_model_prediction;swissprot_caution_erroneous_initiation	F4J9A8	RLP45_ARATH	2	Sequence=ANM63480.1; Type=Erroneous initiation; Note=Truncated N-terminus.; Evidence={ECO:0000305} | Sequence=CAB64227.1; Type=Erroneous gene model prediction; Evidence={ECO:0000305}	reference_shorter_by_57aa	AT3G53240.1.TAIR10	948
Athaliana	AT4G13810.TAIR10	AT4G13810	swissprot_caution_erroneous_gene_model_prediction	Q9SVN2	RLP47_ARATH	3	Sequence=CAB36845.1; Type=Erroneous gene model prediction; Evidence={ECO:0000305} | Sequence=CAB78423.1; Type=Erroneous gene model prediction; Evidence={ECO:0000305}	reference_shorter_by_59aa	AT4G13810.1.TAIR10	800
Athaliana	AT4G13880.TAIR10	AT4G13880	swissprot_caution_erroneous_gene_model_prediction	F4JTU7	RLP48_ARATH	3	Sequence=AEE83340.1; Type=Erroneous gene model prediction; Evidence={ECO:0000305} | Sequence=CAB36852.1; Type=Erroneous gene model prediction; Evidence={ECO:0000305} | Sequence=CAB78430.1; Type=Erroneous gene model prediction; Evidence={ECO:0000305}	internal_difference_prefix211_suffix514_len813vs725	AT4G13880.1.TAIR10	813
Athaliana	AT5G49290.TAIR10	AT5G49290	swissprot_caution_erroneous_gene_model_prediction;swissprot_caution_erroneous_initiation;swissprot_caution_frameshift	F4K4T3	RLP56_ARATH	2	Sequence=AED95793.1; Type=Erroneous initiation; Note=Truncated N-terminus.; Evidence={ECO:0000305} | Sequence=BAB10347.1; Type=Erroneous gene model prediction; Evidence={ECO:0000305} | Sequence=BAD94265.1; Type=Erroneous initiation; Note=Truncated N-terminus.; Evidence={ECO:0000305} | Sequence=BAD94265.1; Type=Frameshift; Evidence={ECO:0000305}	internal_difference_prefix1_suffix694_len947vs908	AT5G49290.1.TAIR10	947
Athaliana	AT1G47890.TAIR10	AT1G47890	swissprot_caution_erroneous_initiation	Q9C699	RLP7_ARATH	3	Sequence=AAG51781.1; Type=Erroneous initiation; Note=Extended N-terminus.; Evidence={ECO:0000305} | Sequence=AEE32225.1; Type=Erroneous initiation; Note=Extended N-terminus.; Evidence={ECO:0000305}	reference_longer_by_45aa	AT1G47890.1.TAIR10	974
Athaliana	AT1G54470.TAIR10	AT1G54470	swissprot_caution_erroneous_gene_model_prediction	Q9SLI6	RLP8X_ARATH	5	Sequence=AAD25626.1; Type=Erroneous gene model prediction; Evidence={ECO:0000305} | Sequence=AEE33107.1; Type=Erroneous gene model prediction; Note=Was originally thought to correspond to two different genes At1g54470 and At1g54475.; Evidence={ECO:0000305} | Sequence=ANM58320.1; Type=Erroneous gene model prediction; Note=Was originally thought to correspond to two different genes At1g54470 and At1g54475.; Evidence={ECO:0000305}	internal_difference_prefix407_suffix550_len1009vs957	AT1G54470.2.TAIR10	1009
Athaliana	AT1G58190.TAIR10	AT1G58190	swissprot_caution_erroneous_gene_model_prediction	A0A1P8ATR9	RLP9B_ARATH	3	Sequence=AAG50756.1; Type=Erroneous gene model prediction; Note=The predicted gene At1g58190 has been split into 2 genes: At1g58190 and At1g58195.; Evidence={ECO:0000305} | Sequence=AEE33511.1; Type=Erroneous gene model prediction; Note=The predicted gene At1g58190 has been split into 2 genes: At1g58190 and At1g58195.; Evidence={ECO:0000305}	internal_difference_prefix2_suffix3_len940vs932	AT1G58190.1.TAIR10	940
Athaliana	ATMG00560.TAIR10	ATMG00560	swissprot_caution_erroneous_gene_model_prediction	P93311	RM02N_ARATH	1	Sequence=AAM15498.1; Type=Erroneous gene model prediction; Evidence={ECO:0000305}	same_length_1_mismatches	ATMG00560.1.TAIR10	349
Athaliana	AT1G52240.TAIR10	AT1G52240	swissprot_caution_erroneous_initiation	Q9M811	ROGFB_ARATH	1	Sequence=AAF29411.1; Type=Erroneous initiation; Note=Truncated N-terminus.; Evidence={ECO:0000305}	internal_difference_prefix1_suffix523_len543vs607	AT1G52240.1.TAIR10	543
Athaliana	AT2G32415.TAIR10	AT2G32415	swissprot_caution_erroneous_gene_model_prediction	A9LLI8	RP6L3_ARATH	2	Sequence=AAC69936.1; Type=Erroneous gene model prediction; Evidence={ECO:0000305}	internal_difference_prefix291_suffix600_len892vs891	AT2G32415.1.TAIR10	892
Athaliana	AT1G53350.TAIR10	AT1G53350	swissprot_caution_erroneous_gene_model_prediction	P0C8S1	RP8L2_ARATH	3	Sequence=AAF69538.1; Type=Erroneous gene model prediction; Note=The predicted gene has been split into 2 genes: At1g53350 and At1g53360.; Evidence={ECO:0000305}	internal_difference_prefix883_suffix0_len906vs927	AT1G53350.1.TAIR10	906
Athaliana	AT4G19510.TAIR10	AT4G19510	swissprot_caution_erroneous_gene_model_prediction;swissprot_caution_erroneous_initiation;swissprot_caution_erroneous_termination	F4JT80	RPP2B_ARATH	1	Sequence=AEE84192.1; Type=Erroneous initiation; Note=Extended N-terminus.; Evidence={ECO:0000305} | Sequence=AK229040; Type=Erroneous termination; Note=Truncated C-terminus.; Evidence={ECO:0000305} | Sequence=ANM66560.1; Type=Erroneous initiation; Note=Extended N-terminus.; Evidence={ECO:0000305} | Sequence=ANM66561.1; Type=Erroneous initiation; Note=Extended N-terminus.; Evidence={ECO:0000305} | Sequence=ANM66562.1; Type=Erroneous initiation; Note=Extended N-terminus.; Evidence={ECO:0000305} | Sequence=ANM66563.1; Type=Erroneous initiation; Note=Extended N-terminus.; Evidence={ECO:0000305} | Sequence=CAA16928.1; Type=Erroneous gene model prediction; Evidence={ECO:0000305} | Sequence=CAB78953.1; Type=Erroneous gene model prediction; Evidence={ECO:0000305}	internal_difference_prefix1_suffix727_len1207vs1210	AT4G19510.1.TAIR10	1207
Athaliana	AT1G60930.TAIR10	AT1G60930	swissprot_caution_erroneous_gene_model_prediction;swissprot_caution_frameshift	Q9FT70	RQL4B_ARATH	2	Sequence=AAG51646.1; Type=Erroneous gene model prediction; Evidence={ECO:0000305} | Sequence=AAG51646.1; Type=Frameshift; Evidence={ECO:0000305}	same_length_604_mismatches	AT1G60930.1.TAIR10	1150
Athaliana	AT3G11964.TAIR10	AT3G11964	swissprot_caution_erroneous_gene_model_prediction	F4J8K6	RRP5_ARATH	2	Sequence=AAF23213.1; Type=Erroneous gene model prediction; Evidence={ECO:0000305} | Sequence=AAG51058.1; Type=Erroneous gene model prediction; Evidence={ECO:0000305} | Sequence=AEE75131.1; Type=Erroneous gene model prediction; Evidence={ECO:0000305} | Sequence=BAB03107.1; Type=Erroneous gene model prediction; Evidence={ECO:0000305}	internal_difference_prefix432_suffix835_len1920vs1896	AT3G11964.1.TAIR10	1920
Athaliana	AT2G16360.TAIR10	AT2G16360	swissprot_caution_erroneous_gene_model_prediction	Q9SIW5	RS251_ARATH	3	Sequence=AAD22303.1; Type=Erroneous gene model prediction; Evidence={ECO:0000305}	internal_difference_prefix1_suffix81_len109vs125	AT2G16360.1.TAIR10	109
Athaliana	AT1G67460.TAIR10	AT1G67460	swissprot_caution_erroneous_gene_model_prediction	F4HTL8	RSGA2_ARATH	2	Sequence=AAC18794.1; Type=Erroneous gene model prediction; Evidence={ECO:0000305} | Sequence=AAG52303.1; Type=Erroneous gene model prediction; Evidence={ECO:0000305}	internal_difference_prefix284_suffix0_len294vs299	AT1G67460.1.TAIR10	294
Athaliana	AT4G01230.TAIR10	AT4G01230	swissprot_caution_erroneous_gene_model_prediction	Q9M145	RTNLG_ARATH	3	Sequence=AAB61018.1; Type=Erroneous gene model prediction; Evidence={ECO:0000305} | Sequence=AEE81997.1; Type=Erroneous gene model prediction; Evidence={ECO:0000305} | Sequence=CAB80932.1; Type=Erroneous gene model prediction; Evidence={ECO:0000305}	internal_difference_prefix67_suffix174_len244vs242	AT4G01230.1.TAIR10	244
Athaliana	AT1G68230.TAIR10	AT1G68230	swissprot_caution_erroneous_gene_model_prediction	A2RVT6	RTNLN_ARATH	2	Sequence=AAG52605.1; Type=Erroneous gene model prediction; Evidence={ECO:0000305}	internal_difference_prefix81_suffix0_len215vs151	AT1G68230.1.TAIR10	215
Athaliana	AT2G01240.TAIR10	AT2G01240	swissprot_caution_erroneous_gene_model_prediction	Q9ZU43	RTNLO_ARATH	2	Sequence=AAD14524.1; Type=Erroneous gene model prediction; Evidence={ECO:0000305}	internal_difference_prefix2_suffix110_len191vs160	AT2G01240.1.TAIR10	191
Athaliana	AT1G29890.TAIR10	AT1G29890	swissprot_caution_erroneous_gene_model_prediction	Q9FXG3	RWA4_ARATH	2	Sequence=AAG10607.1; Type=Erroneous gene model prediction; Evidence={ECO:0000305}	internal_difference_prefix1_suffix307_len540vs584	AT1G29890.2.TAIR10	540
Athaliana	AT4G20310.TAIR10	AT4G20310	swissprot_caution_erroneous_gene_model_prediction	F4JUU5	S2P_ARATH	2	Sequence=CAA18255.1; Type=Erroneous gene model prediction; Evidence={ECO:0000305} | Sequence=CAB79031.1; Type=Erroneous gene model prediction; Evidence={ECO:0000305}	reference_shorter_by_139aa	AT4G20310.3.TAIR10	513
Athaliana	AT1G58250.TAIR10	AT1G58250	swissprot_caution_erroneous_gene_model_prediction;swissprot_caution_frameshift	Q6IMT1	SAB_ARATH	1	Sequence=AAG50770.1; Type=Erroneous gene model prediction; Evidence={ECO:0000305} | Sequence=AAG50951.1; Type=Erroneous gene model prediction; Evidence={ECO:0000305} | Sequence=AEE33523.1; Type=Erroneous gene model prediction; Evidence={ECO:0000305} | Sequence=BAF01434.1; Type=Frameshift; Evidence={ECO:0000305}	internal_difference_prefix23_suffix2579_len2603vs2607	AT1G58250.1.TAIR10	2603
Athaliana	AT4G21323.TAIR10	AT4G21323	swissprot_caution_erroneous_gene_model_prediction	F4JJH4	SBT31_ARATH	3	Sequence=AEE84440.1; Type=Erroneous gene model prediction; Evidence={ECO:0000305} | Sequence=CAA20197.1; Type=Erroneous gene model prediction; Note=The predicted gene At4g21320 has been split into 3 genes: At4g21320, At4g21323 and At4g21326.; Evidence={ECO:0000305} | Sequence=CAB79131.1; Type=Erroneous gene model prediction; Note=The predicted gene At4g21320 has been split into 3 genes: At4g21320, At4g21323 and At4g21326.; Evidence={ECO:0000305}	internal_difference_prefix38_suffix726_len764vs803	AT4G21323.1.TAIR10	764
Athaliana	AT4G10510.TAIR10	AT4G10510	swissprot_caution_erroneous_gene_model_prediction	Q9SZY2	SBT37_ARATH	3	Sequence=AAD03438.1; Type=Erroneous gene model prediction; Evidence={ECO:0000305} | Sequence=AEE82892.1; Type=Erroneous gene model prediction; Evidence={ECO:0000305}	internal_difference_prefix1_suffix744_len777vs765	AT4G10510.1.TAIR10	777
Athaliana	AT4G10530.TAIR10	AT4G10530	swissprot_caution_frameshift	Q9ZSB1	SBT3A_ARATH	3	Sequence=AAD03437.1; Type=Frameshift; Evidence={ECO:0000305} | Sequence=AEE82894.1; Type=Frameshift; Evidence={ECO:0000305} | Sequence=CAB40046.1; Type=Frameshift; Evidence={ECO:0000305} | Sequence=CAB78176.1; Type=Frameshift; Evidence={ECO:0000305}	internal_difference_prefix506_suffix235_len759vs747	AT4G10530.1.TAIR10	759
Athaliana	AT4G21326.TAIR10	AT4G21326	swissprot_caution_erroneous_gene_model_prediction	F4JJH5	SBT3C_ARATH	3	Sequence=CAA20197.1; Type=Erroneous gene model prediction; Note=The predicted gene At4g21320 has been split into 3 genes: At4g21320, At4g21323 and At4g21326.; Evidence={ECO:0000305} | Sequence=CAB79131.1; Type=Erroneous gene model prediction; Note=The predicted gene At4g21320 has been split into 3 genes: At4g21320, At4g21323 and At4g21326.; Evidence={ECO:0000305}	internal_difference_prefix0_suffix0_len754vs755	AT4G21326.1.TAIR10	754
Athaliana	AT4G21640.TAIR10	AT4G21640	swissprot_caution_erroneous_gene_model_prediction	F4JJL8	SBT3F_ARATH	2	Sequence=AEE84484.1; Type=Erroneous gene model prediction; Evidence={ECO:0000305} | Sequence=CAB36808.1; Type=Erroneous gene model prediction; Evidence={ECO:0000305} | Sequence=CAB81271.1; Type=Erroneous gene model prediction; Evidence={ECO:0000305}	internal_difference_prefix388_suffix345_len761vs733	AT4G21640.1.TAIR10	761
Athaliana	AT4G26330.TAIR10	AT4G26330	swissprot_caution_erroneous_gene_model_prediction	Q9STQ2	SBT3I_ARATH	3	Sequence=AEE85186.1; Type=Erroneous gene model prediction; Evidence={ECO:0000305} | Sequence=CAB38962.1; Type=Erroneous gene model prediction; Evidence={ECO:0000305} | Sequence=CAB79488.1; Type=Erroneous gene model prediction; Evidence={ECO:0000305}	internal_difference_prefix1_suffix634_len779vs746	AT4G26330.1.TAIR10	779
Athaliana	AT4G15040.TAIR10	AT4G15040	swissprot_caution_erroneous_gene_model_prediction	O23357	SBT42_ARATH	3	Sequence=AEE83544.1; Type=Erroneous gene model prediction; Evidence={ECO:0000305}	reference_shorter_by_38aa	AT4G15040.1.TAIR10	725
Athaliana	AT5G59190.TAIR10	AT5G59190	swissprot_caution_erroneous_gene_model_prediction	Q9FIF8	SBT43_ARATH	3	Sequence=AED97155.1; Type=Erroneous gene model prediction; Evidence={ECO:0000305}	reference_shorter_by_36aa	AT5G59190.1.TAIR10	729
Athaliana	AT5G59130.TAIR10	AT5G59130	swissprot_caution_erroneous_gene_model_prediction	Q9FIG1	SBT4B_ARATH	2	Sequence=AED97146.1; Type=Erroneous gene model prediction; Evidence={ECO:0000305} | Sequence=BAB09759.1; Type=Erroneous gene model prediction; Evidence={ECO:0000305}	internal_difference_prefix436_suffix290_len736vs726	AT5G59130.2.TAIR10	736
Athaliana	AT5G45640.TAIR10	AT5G45640	swissprot_caution_erroneous_gene_model_prediction	F4KEL0	SBT55_ARATH	3	Sequence=AED95279.1; Type=Erroneous gene model prediction; Evidence={ECO:0000305} | Sequence=BAB09207.1; Type=Erroneous gene model prediction; Evidence={ECO:0000305}	internal_difference_prefix29_suffix253_len803vs754	AT5G45640.1.TAIR10	803
Athaliana	AT1G69200.TAIR10	AT1G69200	swissprot_caution_erroneous_gene_model_prediction	F4I0K2	SCKL2_ARATH	1	Sequence=AAF27059.1; Type=Erroneous gene model prediction; Evidence={ECO:0000305}	reference_longer_by_2aa	AT1G69200.1.TAIR10	614
Athaliana	AT4G17230.TAIR10	AT4G17230	swissprot_caution_erroneous_gene_model_prediction;swissprot_caution_erroneous_termination;swissprot_caution_frameshift	Q9M0M5	SCL13_ARATH	2	Sequence=AAD24411.1; Type=Erroneous termination; Note=Extended C-terminus.; Evidence={ECO:0000305} | Sequence=CAB10504.1; Type=Erroneous gene model prediction; Evidence={ECO:0000305} | Sequence=CAB10504.1; Type=Frameshift; Evidence={ECO:0000305} | Sequence=CAB78726.1; Type=Erroneous gene model prediction; Evidence={ECO:0000305} | Sequence=CAB78726.1; Type=Frameshift; Evidence={ECO:0000305}	same_length_1_mismatches	AT4G17230.1.TAIR10	529
Athaliana	AT5G44570.TAIR10	AT5G44570	swissprot_caution_erroneous_gene_model_prediction	Q56WV9	SCOP5_ARATH	2	Sequence=AED95127.1; Type=Erroneous gene model prediction; Evidence={ECO:0000305} | Sequence=BAA98110.1; Type=Erroneous gene model prediction; Evidence={ECO:0000305}	internal_difference_prefix35_suffix0_len117vs133	AT5G44570.1.TAIR10	117
Athaliana	AT1G33540.TAIR10	AT1G33540	swissprot_caution_erroneous_gene_model_prediction	Q9C7Z9	SCP18_ARATH	2	Sequence=AAG51208.1; Type=Erroneous gene model prediction; Evidence={ECO:0000305}	internal_difference_prefix420_suffix26_len464vs446	AT1G33540.1.TAIR10	464
Athaliana	AT3G25420.TAIR10	AT3G25420	swissprot_caution_erroneous_gene_model_prediction	Q9LSV8	SCP21_ARATH	2	Sequence=BAB01313.1; Type=Erroneous gene model prediction; Evidence={ECO:0000305}	internal_difference_prefix373_suffix118_len494vs505	AT3G25420.1.TAIR10	494
Athaliana	AT2G24010.TAIR10	AT2G24010	swissprot_caution_erroneous_initiation	O82229	SCP23_ARATH	2	Sequence=AAC63669.1; Type=Erroneous initiation; Note=Truncated N-terminus.; Evidence={ECO:0000305}	internal_difference_prefix1_suffix372_len454vs440	AT2G24010.1.TAIR10	454
Athaliana	AT1G73290.TAIR10	AT1G73290	swissprot_caution_erroneous_gene_model_prediction	Q9CAU2	SCP5_ARATH	2	Sequence=AAG52136.1; Type=Erroneous gene model prediction; Evidence={ECO:0000305}	same_length_2_mismatches	AT1G73290.1.TAIR10	438
Athaliana	AT1G50390.TAIR10	AT1G50390	swissprot_caution_erroneous_gene_model_prediction;swissprot_caution_erroneous_termination	Q9SX54	SCRK8_ARATH	5	Sequence=AAD50037.1; Type=Erroneous gene model prediction; Evidence={ECO:0000305} | Sequence=AAD50037.1; Type=Erroneous termination; Note=Truncated C-terminus.; Evidence={ECO:0000305} | Sequence=AEE32543.1; Type=Erroneous gene model prediction; Evidence={ECO:0000305} | Sequence=AEE32543.1; Type=Erroneous termination; Note=Truncated C-terminus.; Evidence={ECO:0000305}	internal_difference_prefix1_suffix101_len210vs146	AT1G50390.1.TAIR10	210
Athaliana	AT4G00340.TAIR10	AT4G00340	swissprot_caution_erroneous_gene_model_prediction	Q39203	SD22_ARATH	1	Sequence=AAB62838.1; Type=Erroneous gene model prediction; Evidence={ECO:0000305} | Sequence=AAF02796.1; Type=Erroneous gene model prediction; Evidence={ECO:0000305} | Sequence=AEE81862.1; Type=Erroneous gene model prediction; Evidence={ECO:0000305} | Sequence=CAB80792.1; Type=Erroneous gene model prediction; Evidence={ECO:0000305}	internal_difference_prefix394_suffix403_len797vs818	AT4G00340.1.TAIR10	797
Athaliana	AT1G67790.TAIR10	AT1G67790	swissprot_caution_erroneous_gene_model_prediction	Q9FXE2	SEOC_ARATH	4	Sequence=AAG28888.1; Type=Erroneous gene model prediction; Evidence={ECO:0000305}	internal_difference_prefix229_suffix347_len664vs576	AT1G67790.1.TAIR10	664
Athaliana	AT5G62800.TAIR10	AT5G62800	swissprot_caution_erroneous_gene_model_prediction	Q9FM14	SIL11_ARATH	2	Sequence=AED97659.1; Type=Erroneous gene model prediction; Evidence={ECO:0000305} | Sequence=BAB10849.1; Type=Erroneous gene model prediction; Evidence={ECO:0000305}	internal_difference_prefix266_suffix48_len314vs348	AT5G62800.1.TAIR10	314
Athaliana	AT5G53360.TAIR10	AT5G53360	swissprot_caution_erroneous_gene_model_prediction	Q8S3N1	SINA5_ARATH	1	Sequence=BAB09798.1; Type=Erroneous gene model prediction; Evidence={ECO:0000305}	internal_difference_prefix1_suffix218_len309vs233	AT5G53360.1.TAIR10	309
Athaliana	AT1G66660.TAIR10	AT1G66660	swissprot_caution_erroneous_gene_model_prediction	Q7XA77	SINL5_ARATH	2	Sequence=AAG51171.1; Type=Erroneous gene model prediction; Evidence={ECO:0000305} | Sequence=AAG60077.1; Type=Erroneous gene model prediction; Evidence={ECO:0000305}	internal_difference_prefix1_suffix207_len328vs224	AT1G66660.1.TAIR10	328
Athaliana	AT5G37900.TAIR10	AT5G37900	swissprot_caution_erroneous_gene_model_prediction	Q9FKD6	SINL8_ARATH	3	Sequence=AED94245.1; Type=Erroneous gene model prediction; Evidence={ECO:0000305} | Sequence=BAB09036.1; Type=Erroneous gene model prediction; Evidence={ECO:0000305}	internal_difference_prefix48_suffix193_len263vs241	AT5G37900.1.TAIR10	263
Athaliana	AT2G02350.TAIR10	AT2G02350	swissprot_caution_erroneous_gene_model_prediction;swissprot_caution_erroneous_initiation	Q9FV02	SKIP3_ARATH	1	Sequence=AAC78517.2; Type=Erroneous gene model prediction; Evidence={ECO:0000305} | Sequence=AAG21978.1; Type=Erroneous initiation; Note=Truncated N-terminus.; Evidence={ECO:0000305}	reference_shorter_by_103aa	AT2G02350.1.TAIR10	294
Athaliana	AT5G05130.TAIR10	AT5G05130	swissprot_caution_erroneous_initiation	Q9FF61	SM3L1_ARATH	2	Sequence=AAM13210.1; Type=Erroneous initiation; Note=Truncated N-terminus.; Evidence={ECO:0000305}	reference_shorter_by_19aa	AT5G05130.1.TAIR10	881
Athaliana	AT3G54670.TAIR10	AT3G54670	swissprot_caution_erroneous_gene_model_prediction	Q6Q1P4	SMC1_ARATH	2	Sequence=CAB77587.1; Type=Erroneous gene model prediction; Evidence={ECO:0000305}	reference_shorter_by_765aa	AT3G54670.2.TAIR10	1218
Athaliana	AT4G16890.TAIR10	AT4G16890	swissprot_caution_erroneous_gene_model_prediction	O23530	SNC1_ARATH	1	Sequence=CAB46044.1; Type=Erroneous gene model prediction; Evidence={ECO:0000305} | Sequence=CAB80960.1; Type=Erroneous gene model prediction; Evidence={ECO:0000305}	internal_difference_prefix1_suffix118_len1437vs1301	AT4G16890.1.TAIR10	1437
Athaliana	AT1G10450.TAIR10	AT1G10450	swissprot_caution_erroneous_gene_model_prediction;swissprot_caution_erroneous_initiation	Q9XIK6	SNL6_ARATH	3	Sequence=AAD39565.1; Type=Erroneous gene model prediction; Evidence={ECO:0000305} | Sequence=AEE28580.1; Type=Erroneous initiation; Note=Truncated N-terminus.; Evidence={ECO:0000305}	reference_shorter_by_51aa	AT1G10450.1.TAIR10	1173
Athaliana	AT3G15354.TAIR10	AT3G15354	swissprot_caution_erroneous_gene_model_prediction	Q9LJR3	SPA3_ARATH	1	Sequence=AEE75647.1; Type=Erroneous gene model prediction; Evidence={ECO:0000305}	internal_difference_prefix650_suffix187_len845vs837	AT3G15354.1.TAIR10	845
Athaliana	AT4G08560.TAIR10	AT4G08560	swissprot_caution_erroneous_gene_model_prediction	P0DN94	SPH17_ARATH	3	Sequence=AAC28191.1; Type=Erroneous gene model prediction; Note=The predicted gene At4g08560 has been split into 2 genes: At4g08558 and At4g08560.; Evidence={ECO:0000305} | Sequence=AEE82658.1; Type=Erroneous gene model prediction; Note=The predicted gene At4g08560 has been split into 2 genes: At4g08558 and At4g08560.; Evidence={ECO:0000305} | Sequence=CAB77981.1; Type=Erroneous gene model prediction; Note=The predicted gene At4g08560 has been split into 2 genes: At4g08558 and At4g08560.; Evidence={ECO:0000305}	internal_difference_prefix94_suffix0_len136vs477	AT4G08560.1.TAIR10	136
Athaliana	AT1G63210.TAIR10	AT1G63210	swissprot_caution_erroneous_gene_model_prediction	Q9CAM1	SPT62_ARATH	1	Sequence=AAG51608.1; Type=Erroneous gene model prediction; Evidence={ECO:0000305} | Sequence=AEE34070.1; Type=Erroneous gene model prediction; Evidence={ECO:0000305}	reference_shorter_by_125aa	AT1G63210.1.TAIR10	1322
Athaliana	AT4G25120.TAIR10	AT4G25120	swissprot_caution_erroneous_gene_model_prediction	D1KF50	SRS2L_ARATH	1	Sequence=CAB36754.1; Type=Erroneous gene model prediction; Evidence={ECO:0000305} | Sequence=CAB79421.1; Type=Erroneous gene model prediction; Evidence={ECO:0000305}	internal_difference_prefix940_suffix207_len1147vs1149	AT4G25120.1.TAIR10	1147
Athaliana	AT3G02610.TAIR10	AT3G02610	swissprot_caution_erroneous_initiation	Q9M881	STAD2_ARATH	1	Sequence=BAD43925.1; Type=Erroneous initiation; Note=Extended N-terminus.; Evidence={ECO:0000305}	reference_longer_by_2aa	AT3G02610.1.TAIR10	411
Athaliana	AT1G55950.TAIR10	AT1G55950	swissprot_caution_erroneous_initiation	Q9LG15	STKLC_ARATH	1	Sequence=AAF79333.1; Type=Erroneous initiation; Note=Truncated N-terminus.; Evidence={ECO:0000305}	reference_shorter_by_16aa	AT1G55950.1.TAIR10	219
Athaliana	AT5G14280.TAIR10	AT5G14280	swissprot_caution_erroneous_gene_model_prediction	P0DKL0	STKLT_ARATH	1	Sequence=CAB87767.1; Type=Erroneous gene model prediction; Note=The predicted gene At5g14280 has been split into 2 genes: At5g14280 and At5g14285.; Evidence={ECO:0000305}	internal_difference_prefix299_suffix0_len301vs572	AT5G14280.1.TAIR10	301
Athaliana	AT4G21480.TAIR10	AT4G21480	swissprot_caution_frameshift	O65413	STP12_ARATH	2	Sequence=AEE84458.1; Type=Frameshift; Evidence={ECO:0000305}	internal_difference_prefix499_suffix1_len508vs502	AT4G21480.1.TAIR10	508
Athaliana	AT1G35210.TAIR10	AT1G35210	swissprot_caution_erroneous_initiation	Q8GY45	SUPC_ARATH	1	Sequence=AAG50599.1; Type=Erroneous initiation; Note=Truncated N-terminus.; Evidence={ECO:0000305} | Sequence=AEE31768.1; Type=Erroneous initiation; Note=Truncated N-terminus.; Evidence={ECO:0000305}	reference_shorter_by_7aa	AT1G35210.1.TAIR10	163
Athaliana	AT4G15920.TAIR10	AT4G15920	swissprot_caution_erroneous_gene_model_prediction	Q84WN3	SWT17_ARATH	1	Sequence=CAB10371.1; Type=Erroneous gene model prediction; Evidence={ECO:0000305} | Sequence=CAB78634.1; Type=Erroneous gene model prediction; Evidence={ECO:0000305}	same_length_1_mismatches	AT4G15920.1.TAIR10	241
Athaliana	AT1G67140.TAIR10	AT1G67140	swissprot_caution_erroneous_gene_model_prediction	F4HRS2	SWTIE_ARATH	1	Sequence=AAD10656.1; Type=Erroneous gene model prediction; Evidence={ECO:0000305}	same_length_409_mismatches	AT1G67140.2.TAIR10	2222
Athaliana	AT5G11100.TAIR10	AT5G11100	swissprot_caution_erroneous_gene_model_prediction	A0JJX5	SYT4_ARATH	2	Sequence=CAC03458.1; Type=Erroneous gene model prediction; Evidence={ECO:0000305}	same_length_458_mismatches	AT5G11100.1.TAIR10	569
Athaliana	AT1G54360.TAIR10	AT1G54360	swissprot_caution_erroneous_gene_model_prediction;swissprot_caution_erroneous_initiation	F4HVA6	TAF6B_ARATH	1	Sequence=AAD25616.1; Type=Erroneous gene model prediction; Evidence={ECO:0000305} | Sequence=AAL32535.1; Type=Erroneous initiation; Note=Truncated N-terminus.; Evidence={ECO:0000305}	same_length_367_mismatches	AT1G54360.2.TAIR10	527
Athaliana	AT1G11540.TAIR10	AT1G11540	swissprot_caution_erroneous_gene_model_prediction;swissprot_caution_erroneous_initiation	F4I8X6	TAUE1_ARATH	2	Sequence=AAF16643.1; Type=Erroneous gene model prediction; Evidence={ECO:0000305} | Sequence=AEE28749.1; Type=Erroneous initiation; Note=Truncated N-terminus.; Evidence={ECO:0000305}	reference_shorter_by_83aa	AT1G11540.1.TAIR10	450
Athaliana	AT4G21260.TAIR10	AT4G21260	swissprot_caution_erroneous_gene_model_prediction	O49567	TAUE6_ARATH	3	Sequence=AEE84433.1; Type=Erroneous gene model prediction; Evidence={ECO:0000305} | Sequence=CAA17545.1; Type=Erroneous gene model prediction; Evidence={ECO:0000305} | Sequence=CAB79126.1; Type=Erroneous gene model prediction; Evidence={ECO:0000305}	internal_difference_prefix81_suffix130_len428vs393	AT4G21260.1.TAIR10	428
Athaliana	AT3G02440.TAIR10	AT3G02440	swissprot_caution_erroneous_gene_model_prediction	Q9M896	TBL20_ARATH	2	Sequence=AAF32451.1; Type=Erroneous gene model prediction; Evidence={ECO:0000305}	internal_difference_prefix368_suffix0_len478vs373	AT3G02440.1.TAIR10	478
Athaliana	AT3G05540.TAIR10	AT3G05540	swissprot_caution_erroneous_gene_model_prediction	Q9M9V9	TCTP2_ARATH	1	Sequence=AEE74255.1; Type=Erroneous gene model prediction; Evidence={ECO:0000305}	internal_difference_prefix34_suffix119_len156vs168	AT3G05540.1.TAIR10	156
Athaliana	AT1G18510.TAIR10	AT1G18510	swissprot_caution_erroneous_gene_model_prediction	Q5BQ04	TET16_ARATH	2	Sequence=AAF26003.1; Type=Erroneous gene model prediction; Evidence={ECO:0000305}	reference_shorter_by_10aa	AT1G18510.1.TAIR10	248
Athaliana	AT1G18320.TAIR10	AT1G18320	swissprot_caution_frameshift	A1XJK0	TI224_ARATH	2	Sequence=AY089200; Type=Frameshift; Evidence={ECO:0000305}	same_length_1_mismatches	AT1G18320.1.TAIR10	142
Athaliana	AT3G63540.TAIR10	AT3G63540	swissprot_caution_erroneous_gene_model_prediction	P82658	TL19_ARATH	1	Sequence=AEE80501.1; Type=Erroneous gene model prediction; Evidence={ECO:0000305}	internal_difference_prefix0_suffix33_len229vs143	AT3G63540.1.TAIR10	229
Athaliana	AT1G61940.TAIR10	AT1G61940	swissprot_caution_erroneous_gene_model_prediction	O80699	TLP4_ARATH	3	Sequence=AEE33905.1; Type=Erroneous gene model prediction; Evidence={ECO:0000305}	internal_difference_prefix61_suffix66_len265vs244	AT1G61940.1.TAIR10	265
Athaliana	AT1G24460.TAIR10	AT1G24460	swissprot_caution_erroneous_gene_model_prediction	F4I9A2	TNO1_ARATH	1	Sequence=AAF97958.1; Type=Erroneous gene model prediction; Evidence={ECO:0000305} | Sequence=AEE30533.1; Type=Erroneous gene model prediction; Evidence={ECO:0000305}	internal_difference_prefix1380_suffix352_len1767vs1732	AT1G24460.2.TAIR10	1767
Athaliana	AT2G23230.TAIR10	AT2G23230	swissprot_caution_erroneous_gene_model_prediction	O22184	TPS05_ARATH	3	Sequence=AAB87108.1; Type=Erroneous gene model prediction; Evidence={ECO:0000305} | Sequence=AEC07431.1; Type=Erroneous gene model prediction; Evidence={ECO:0000305}	internal_difference_prefix160_suffix181_len596vs606	AT2G23230.1.TAIR10	596
Athaliana	AT4G20230.TAIR10	AT4G20230	swissprot_caution_erroneous_gene_model_prediction;swissprot_caution_erroneous_initiation	Q8L7G4	TPS09_ARATH	2	Sequence=AAM91652.1; Type=Erroneous initiation; Note=Extended N-terminus.; Evidence={ECO:0000305} | Sequence=BAD95195.1; Type=Erroneous initiation; Note=Extended N-terminus.; Evidence={ECO:0000305} | Sequence=CAA18248.1; Type=Erroneous gene model prediction; Evidence={ECO:0000305} | Sequence=CAB79023.1; Type=Erroneous gene model prediction; Evidence={ECO:0000305}	reference_longer_by_2aa	AT4G20230.1.TAIR10	607
Athaliana	AT1G31950.TAIR10	AT1G31950	swissprot_caution_erroneous_gene_model_prediction	Q9C6W6	TPS29_ARATH	2	Sequence=AAG50729.1; Type=Erroneous gene model prediction; Evidence={ECO:0000305} | Sequence=AAG50788.1; Type=Erroneous gene model prediction; Evidence={ECO:0000305}	internal_difference_prefix87_suffix227_len607vs606	AT1G31950.1.TAIR10	607
Athaliana	AT1G17000.TAIR10	AT1G17000	swissprot_caution_erroneous_gene_model_prediction	Q9SHG0	TPS3_ARATH	3	Sequence=AAD50035.1; Type=Erroneous gene model prediction; Evidence={ECO:0000305}	same_length_258_mismatches	AT1G17000.1.TAIR10	783
Athaliana	AT1G17520.TAIR10	AT1G17520	swissprot_caution_erroneous_gene_model_prediction	F4I7L1	TRB4_ARATH	2	Sequence=AAF79481.1; Type=Erroneous gene model prediction; Evidence={ECO:0000305}	same_length_1_mismatches	AT1G17520.1.TAIR10	296
Athaliana	AT5G15810.TAIR10	AT5G15810	swissprot_caution_erroneous_gene_model_prediction;swissprot_caution_erroneous_initiation	Q9LFU5	TRM1_ARATH	1	Sequence=AAL86317.1; Type=Erroneous initiation; Note=Extended N-terminus.; Evidence={ECO:0000305} | Sequence=CAC01780.1; Type=Erroneous gene model prediction; Evidence={ECO:0000305}	reference_longer_by_98aa	AT5G15810.1.TAIR10	593
Athaliana	AT2G29170.TAIR10	AT2G29170	swissprot_caution_erroneous_gene_model_prediction	Q9ZW04	TRNH4_ARATH	3	Sequence=AEC08218.1; Type=Erroneous gene model prediction; Evidence={ECO:0000305}	internal_difference_prefix101_suffix0_len268vs107	AT2G29170.1.TAIR10	268
Athaliana	AT3G14950.TAIR10	AT3G14950	swissprot_caution_erroneous_gene_model_prediction	F4IXE4	TTL2_ARATH	2	Sequence=BAA97058.1; Type=Erroneous gene model prediction; Evidence={ECO:0000305}	internal_difference_prefix644_suffix77_len730vs721	AT3G14950.1.TAIR10	730
Athaliana	AT5G59300.TAIR10	AT5G59300	swissprot_caution_erroneous_initiation	Q42540	UBC7_ARATH	1	Sequence=AAL86003.1; Type=Erroneous initiation; Note=Extended N-terminus.; Evidence={ECO:0000305} | Sequence=AAO64200.1; Type=Erroneous initiation; Note=Extended N-terminus.; Evidence={ECO:0000305}	reference_longer_by_37aa	AT5G59300.1.TAIR10	166
Athaliana	AT3G21280.TAIR10	AT3G21280	swissprot_caution_erroneous_gene_model_prediction;swissprot_caution_erroneous_initiation	Q84WC6	UBP7_ARATH	1	Sequence=AEE76487.1; Type=Erroneous initiation; Note=Extended N-terminus.; Evidence={ECO:0000305} | Sequence=BAB01721.1; Type=Erroneous gene model prediction; Evidence={ECO:0000305}	reference_longer_by_55aa	AT3G21280.1.TAIR10	477
Athaliana	AT5G22030.TAIR10	AT5G22030	swissprot_caution_erroneous_gene_model_prediction	Q9C585	UBP8_ARATH	2	Sequence=AED92970.1; Type=Erroneous gene model prediction; Evidence={ECO:0000305} | Sequence=BAE98798.1; Type=Miscellaneous discrepancy; Note=Probable cloning artifact leading to an insertion into the sequence.; Evidence={ECO:0000305} | Sequence=CAC34496.1; Type=Erroneous gene model prediction; Evidence={ECO:0000305}	internal_difference_prefix115_suffix708_len871vs913	AT5G22030.1.TAIR10	871
Athaliana	AT4G00690.TAIR10	AT4G00690	swissprot_caution_erroneous_gene_model_prediction	O65278	ULP1B_ARATH	5	Sequence=AAC13629.1; Type=Erroneous gene model prediction; Evidence={ECO:0000305} | Sequence=CAB80878.1; Type=Erroneous gene model prediction; Evidence={ECO:0000305}	internal_difference_prefix321_suffix20_len341vs348	AT4G00690.1.TAIR10	341
Athaliana	AT4G33620.TAIR10	AT4G33620	swissprot_caution_erroneous_gene_model_prediction	Q0WKV8	ULP2A_ARATH	2	Sequence=BAF02249.1; Type=Miscellaneous discrepancy; Note=Intron retention.; Evidence={ECO:0000305} | Sequence=CAA20575.1; Type=Erroneous gene model prediction; Evidence={ECO:0000305} | Sequence=CAB80079.1; Type=Erroneous gene model prediction; Evidence={ECO:0000305}	internal_difference_prefix417_suffix357_len774vs783	AT4G33620.1.TAIR10	774
Athaliana	AT4G15780.TAIR10	AT4G15780	swissprot_caution_erroneous_gene_model_prediction	O23429	VA724_ARATH	2	Sequence=CAB10356.1; Type=Erroneous gene model prediction; Evidence={ECO:0000305} | Sequence=CAB78620.1; Type=Erroneous gene model prediction; Evidence={ECO:0000305}	internal_difference_prefix174_suffix0_len222vs223	AT4G15780.1.TAIR10	222
Athaliana	AT2G06210.TAIR10	AT2G06210	swissprot_caution_erroneous_gene_model_prediction;swissprot_caution_frameshift	B5X0I6	VIP6_ARATH	1	Sequence=AAL49858.1; Type=Frameshift; Evidence={ECO:0000305} | Sequence=AAM15237.1; Type=Erroneous gene model prediction; Evidence={ECO:0000305}	same_length_816_mismatches	AT2G06210.1.TAIR10	1091
Athaliana	AT1G22860.TAIR10	AT1G22860	swissprot_caution_erroneous_gene_model_prediction;swissprot_caution_erroneous_initiation;swissprot_caution_frameshift	F4I312	VPS3_ARATH	1	Sequence=AAB72173.1; Type=Erroneous gene model prediction; Evidence={ECO:0000305} | Sequence=BAF01039.1; Type=Erroneous initiation; Note=Truncated N-terminus.; Evidence={ECO:0000305} | Sequence=BAF01039.1; Type=Frameshift; Evidence={ECO:0000305}	internal_difference_prefix807_suffix154_len984vs961	AT1G22860.1.TAIR10	984
Athaliana	AT1G16150.TAIR10	AT1G16150	swissprot_caution_erroneous_gene_model_prediction	Q9S9M2	WAKLD_ARATH	2	Sequence=AAF18510.1; Type=Erroneous gene model prediction; Evidence={ECO:0000305}	internal_difference_prefix353_suffix408_len761vs779	AT1G16150.1.TAIR10	761
Athaliana	AT1G16160.TAIR10	AT1G16160	swissprot_caution_erroneous_initiation	Q9S9M1	WAKLE_ARATH	2	Sequence=AAF18511.1; Type=Erroneous initiation; Note=Truncated N-terminus.; Evidence={ECO:0000305}	reference_shorter_by_20aa	AT1G16160.1.TAIR10	731
Athaliana	AT3G18200.TAIR10	AT3G18200	swissprot_caution_frameshift	Q9LV20	WTR17_ARATH	2	Sequence=BX824196; Type=Frameshift; Evidence={ECO:0000305}	reference_shorter_by_23aa	AT3G18200.1.TAIR10	383
Athaliana	AT1G11450.TAIR10	AT1G11450	swissprot_caution_erroneous_gene_model_prediction;swissprot_caution_erroneous_initiation	Q500Z4	WTR3_ARATH	2	Sequence=AAF16630.1; Type=Erroneous gene model prediction; Evidence={ECO:0000305} | Sequence=AAY27060.1; Type=Erroneous initiation; Note=Truncated N-terminus.; Evidence={ECO:0000305} | Sequence=AEE28738.1; Type=Erroneous initiation; Note=Truncated N-terminus.; Evidence={ECO:0000305}	reference_shorter_by_92aa	AT1G11450.1.TAIR10	352
Athaliana	AT1G58370.TAIR10	AT1G58370	swissprot_caution_erroneous_gene_model_prediction;swissprot_caution_erroneous_initiation	A0A1P8AWH8	XYN1_ARATH	1	Sequence=AAF82251.1; Type=Erroneous gene model prediction; Evidence={ECO:0000305} | Sequence=AAG50641.1; Type=Erroneous gene model prediction; Evidence={ECO:0000305} | Sequence=AEE33542.1; Type=Erroneous gene model prediction; Evidence={ECO:0000305} | Sequence=BAA88262.1; Type=Erroneous initiation; Note=Truncated N-terminus.; Evidence={ECO:0000305} | Sequence=BAB83869.1; Type=Erroneous gene model prediction; Evidence={ECO:0000305}	reference_shorter_by_28aa	AT1G58370.1.TAIR10	945
Athaliana	AT4G33810.TAIR10	AT4G33810	swissprot_caution_erroneous_gene_model_prediction	A0A1P8B8F8	XYN5_ARATH	3	Sequence=CAA20594.1; Type=Erroneous gene model prediction; Evidence={ECO:0000305} | Sequence=CAB80098.1; Type=Erroneous gene model prediction; Evidence={ECO:0000305}	reference_shorter_by_40aa	AT4G33810.1.TAIR10	569
Athaliana	AT1G10890.TAIR10	AT1G10890	swissprot_caution_erroneous_gene_model_prediction	P0CB26	Y1089_ARATH	4	Sequence=AAB65488.1; Type=Erroneous gene model prediction; Note=The predicted gene has been split into 2 genes: At1g10890 and At1g10895.; Evidence={ECO:0000305} | Sequence=AEE28660.1; Type=Erroneous gene model prediction; Evidence={ECO:0000305}	internal_difference_prefix192_suffix88_len280vs288	AT1G10890.1.TAIR10	280
Athaliana	AT1G31050.TAIR10	AT1G31050	swissprot_caution_erroneous_gene_model_prediction	Q6NLU6	Y1106_ARATH	4	Sequence=AAF98178.1; Type=Erroneous gene model prediction; Evidence={ECO:0000305} | Sequence=AEE31309.1; Type=Erroneous gene model prediction; Note=The predicted gene has been split into 2 genes: At1g31050 and At1g31060.; Evidence={ECO:0000305}	reference_longer_by_328aa	AT1G31050.1.TAIR10	106
Athaliana	AT1G61460.TAIR10	AT1G61460	swissprot_caution_erroneous_gene_model_prediction	O64774	Y1146_ARATH	2	Sequence=AAC13895.1; Type=Erroneous gene model prediction; Evidence={ECO:0000305} | Sequence=BAF00665.1; Type=Miscellaneous discrepancy; Note=Intron retention.; Evidence={ECO:0000305}	reference_shorter_by_151aa	AT1G61460.1.TAIR10	749
Athaliana	AT1G21580.TAIR10	AT1G21580	swissprot_caution_erroneous_gene_model_prediction	P0C945	Y1158_ARATH	1	Sequence=AAF87903.1; Type=Erroneous gene model prediction; Note=The predicted gene has been split into 2 genes: At1g21570 and At1g21580.; Evidence={ECO:0000305} | Sequence=AEE30120.1; Type=Erroneous gene model prediction; Note=The predicted gene has been split into 2 genes: At1g21570 and At1g21580.; Evidence={ECO:0000305}	internal_difference_prefix1694_suffix0_len1696vs2166	AT1G21580.1.TAIR10	1696
Athaliana	AT1G24060.TAIR10	AT1G24060	swissprot_caution_erroneous_gene_model_prediction	Q1PFS7	Y1406_ARATH	3	Sequence=AAF87150.1; Type=Erroneous gene model prediction; Note=The predicted gene has been split into 2 genes: At1g24060 and At1g24062.; Evidence={ECO:0000305}	internal_difference_prefix99_suffix0_len106vs122	AT1G24060.1.TAIR10	106
Athaliana	AT1G04390.TAIR10	AT1G04390	swissprot_caution_erroneous_gene_model_prediction	P93820	Y1439_ARATH	2	Sequence=AAB70453.1; Type=Erroneous gene model prediction; Evidence={ECO:0000305}	internal_difference_prefix285_suffix449_len1002vs849	AT1G04390.1.TAIR10	1002
Athaliana	AT1G61400.TAIR10	AT1G61400	swissprot_caution_erroneous_gene_model_prediction	O64780	Y1614_ARATH	3	Sequence=AAC13901.1; Type=Erroneous gene model prediction; Evidence={ECO:0000305}	internal_difference_prefix513_suffix228_len814vs819	AT1G61400.1.TAIR10	814
Athaliana	AT1G67520.TAIR10	AT1G67520	swissprot_caution_erroneous_gene_model_prediction	O64793	Y1675_ARATH	2	Sequence=AAC18783.1; Type=Erroneous gene model prediction; Evidence={ECO:0000305} | Sequence=AAG52302.1; Type=Erroneous gene model prediction; Evidence={ECO:0000305} | Sequence=AEE34658.1; Type=Erroneous gene model prediction; Evidence={ECO:0000305}	internal_difference_prefix378_suffix0_len818vs587	AT1G67520.1.TAIR10	818
Athaliana	AT1G51745.TAIR10	AT1G51745	swissprot_caution_erroneous_gene_model_prediction	P59278	Y1745_ARATH	2	Sequence=AAG50888.1; Type=Erroneous gene model prediction; Evidence={ECO:0000305}	internal_difference_prefix549_suffix0_len597vs563	AT1G51745.1.TAIR10	597
Athaliana	AT2G30105.TAIR10	AT2G30105	swissprot_caution_erroneous_gene_model_prediction	P0C895	Y2010_ARATH	1	Sequence=AAC16962.1; Type=Erroneous gene model prediction; Note=The predicted gene has been split into 2 genes: At2g30100 and At2g30105.; Evidence={ECO:0000305}	reference_shorter_by_7aa	AT2G30105.1.TAIR10	374
Athaliana	AT2G40440.TAIR10	AT2G40440	swissprot_caution_erroneous_gene_model_prediction	O22891	Y2044_ARATH	3	Sequence=AAB87592.1; Type=Erroneous gene model prediction; Evidence={ECO:0000305} | Sequence=AAM15350.1; Type=Erroneous gene model prediction; Evidence={ECO:0000305}	internal_difference_prefix103_suffix0_len165vs194	AT2G40440.1.TAIR10	165
Athaliana	AT2G20625.TAIR10	AT2G20625	swissprot_caution_erroneous_gene_model_prediction	Q8S8D8	Y2265_ARATH	3	Sequence=AEC07048.1; Type=Erroneous gene model prediction; Evidence={ECO:0000305}	internal_difference_prefix105_suffix74_len190vs179	AT2G20625.1.TAIR10	190
Athaliana	AT2G19230.TAIR10	AT2G19230	swissprot_caution_erroneous_gene_model_prediction	O64556	Y2923_ARATH	1	Sequence=AEC06859.1; Type=Erroneous gene model prediction; Evidence={ECO:0000305}	internal_difference_prefix546_suffix0_len877vs1025	AT2G19230.1.TAIR10	877
Athaliana	AT3G03510.TAIR10	AT3G03510	swissprot_caution_erroneous_gene_model_prediction	Q9SRQ5	Y3351_ARATH	2	Sequence=AAF01584.1; Type=Erroneous gene model prediction; Evidence={ECO:0000305} | Sequence=AEE73952.1; Type=Erroneous gene model prediction; Evidence={ECO:0000305}	reference_shorter_by_53aa	AT3G03510.1.TAIR10	508
Athaliana	AT3G53590.TAIR10	AT3G53590	swissprot_caution_erroneous_gene_model_prediction	Q9LFG1	Y3359_ARATH	1	Sequence=CAB67666.1; Type=Erroneous gene model prediction; Evidence={ECO:0000305}	internal_difference_prefix1_suffix108_len937vs783	AT3G53590.1.TAIR10	937
Athaliana	AT3G49970.TAIR10	AT3G49970	swissprot_caution_erroneous_gene_model_prediction	Q9SN21	Y3997_ARATH	3	Sequence=CAB62105.1; Type=Erroneous gene model prediction; Evidence={ECO:0000305}	internal_difference_prefix195_suffix320_len515vs526	AT3G49970.1.TAIR10	515
Athaliana	AT4G01160.TAIR10	AT4G01160	swissprot_caution_erroneous_gene_model_prediction	O04615	Y4116_ARATH	3	Sequence=AEE81989.1; Type=Erroneous gene model prediction; Evidence={ECO:0000305}	internal_difference_prefix55_suffix450_len527vs505	AT4G01160.1.TAIR10	527
Athaliana	AT4G17990.TAIR10	AT4G17990	swissprot_caution_erroneous_gene_model_prediction	O49698	Y4179_ARATH	3	Sequence=AEE83975.1; Type=Erroneous gene model prediction; Evidence={ECO:0000305} | Sequence=CAA17142.1; Type=Erroneous gene model prediction; Evidence={ECO:0000305} | Sequence=CAB78801.1; Type=Erroneous gene model prediction; Evidence={ECO:0000305}	internal_difference_prefix160_suffix0_len233vs174	AT4G17990.1.TAIR10	233
Athaliana	AT4G03230.TAIR10	AT4G03230	swissprot_caution_erroneous_gene_model_prediction	Q9ZR08	Y4230_ARATH	3	Sequence=AEE82295.1; Type=Erroneous gene model prediction; Evidence={ECO:0000305}	internal_difference_prefix429_suffix419_len852vs1010	AT4G03230.1.TAIR10	852
Athaliana	AT4G04775.TAIR10	AT4G04775	swissprot_caution_erroneous_gene_model_prediction	Q9ZS96	Y4478_ARATH	2	Sequence=CAB80843.1; Type=Erroneous gene model prediction; Note=The predicted gene At4g04780 has been split into 2 genes: At4g04775 and At4g04780.; Evidence={ECO:0000305}	internal_difference_prefix148_suffix0_len160vs150	AT4G04775.1.TAIR10	160
Athaliana	AT4G04980.TAIR10	AT4G04980	swissprot_caution_erroneous_gene_model_prediction	Q1PEB4	Y4498_ARATH	2	Sequence=AAD48982.1; Type=Erroneous gene model prediction; Evidence={ECO:0000305} | Sequence=AEE82453.1; Type=Erroneous gene model prediction; Evidence={ECO:0000305} | Sequence=CAB81040.1; Type=Erroneous gene model prediction; Evidence={ECO:0000305}	reference_longer_by_156aa	AT4G04980.1.TAIR10	724
Athaliana	AT4G15970.TAIR10	AT4G15970	swissprot_caution_erroneous_gene_model_prediction;swissprot_caution_erroneous_initiation	P0C042	Y4597_ARATH	2	Sequence=AEE83675.1; Type=Erroneous initiation; Note=Truncated N-terminus.; Evidence={ECO:0000305} | Sequence=CAB10376.1; Type=Erroneous gene model prediction; Note=The predicted gene At4g15970 has been split into 2 genes: At4g15970 and At4g15975.; Evidence={ECO:0000305} | Sequence=CAB78639.1; Type=Erroneous gene model prediction; Note=The predicted gene At4g15970 has been split into 2 genes: At4g15970 and At4g15975.; Evidence={ECO:0000305}	internal_difference_prefix1_suffix174_len367vs358	AT4G15970.1.TAIR10	367
Athaliana	AT4G06598.TAIR10	AT4G06598	swissprot_caution_erroneous_gene_model_prediction	Q8W3M7	Y4598_ARATH	2	Sequence=BAB83611.1; Type=Erroneous gene model prediction; Evidence={ECO:0000305}	internal_difference_prefix261_suffix0_len265vs341	AT4G06598.1.TAIR10	265
Athaliana	AT4G26485.TAIR10	AT4G26485	swissprot_caution_erroneous_gene_model_prediction	P0C8L4	Y4648_ARATH	4	Sequence=CAA18222.1; Type=Erroneous gene model prediction; Note=The predicted gene At4g26480 has been split into 2 genes: At4g26480 and At4g26485.; Evidence={ECO:0000305} | Sequence=CAB79503.1; Type=Erroneous gene model prediction; Note=The predicted gene At4g26480 has been split into 2 genes: At4g26480 and At4g26485.; Evidence={ECO:0000305}	reference_shorter_by_38aa	AT4G26485.1.TAIR10	209
Athaliana	AT5G60130.TAIR10	AT5G60130	swissprot_caution_erroneous_gene_model_prediction	Q9LVG1	Y5013_ARATH	2	Sequence=AED97283.1; Type=Erroneous gene model prediction; Evidence={ECO:0000305}	reference_shorter_by_26aa	AT5G60130.1.TAIR10	326
Athaliana	AT5G24080.TAIR10	AT5G24080	swissprot_caution_frameshift	Q9FLV4	Y5248_ARATH	2	Sequence=AY056241; Type=Frameshift; Evidence={ECO:0000305}	reference_shorter_by_402aa	AT5G24080.1.TAIR10	872
Athaliana	AT1G53430.TAIR10	AT1G53430	swissprot_caution_erroneous_gene_model_prediction	C0LGG8	Y5343_ARATH	1	Sequence=AAF78446.1; Type=Erroneous gene model prediction; Evidence={ECO:0000305}	internal_difference_prefix1_suffix743_len1038vs997	AT1G53430.2.TAIR10	1038
Athaliana	AT5G37450.TAIR10	AT5G37450	swissprot_caution_erroneous_gene_model_prediction	C0LGU1	Y5374_ARATH	1	Sequence=AED94189.1; Type=Erroneous gene model prediction; Evidence={ECO:0000305} | Sequence=BAB10966.1; Type=Erroneous gene model prediction; Evidence={ECO:0000305}	internal_difference_prefix82_suffix412_len959vs935	AT5G37450.1.TAIR10	959
Athaliana	AT2G04300.TAIR10	AT2G04300	swissprot_caution_erroneous_gene_model_prediction	Q9SI06	Y5573_ARATH	3	Sequence=AAD27909.1; Type=Erroneous gene model prediction; Evidence={ECO:0000305} | Sequence=AEC05819.1; Type=Erroneous gene model prediction; Evidence={ECO:0000305}	internal_difference_prefix311_suffix540_len892vs851	AT2G04300.1.TAIR10	892
Athaliana	ATCG00360.TAIR10	ATCG00360	swissprot_caution_erroneous_gene_model_prediction	P61843	YCF3_ARATH	1	Sequence=BAA84386.1; Type=Erroneous gene model prediction; Evidence={ECO:0000305}	reference_shorter_by_42aa	ATCG00360.1.TAIR10	168
Athaliana	ATMG00570.TAIR10	ATMG00570	swissprot_caution_erroneous_initiation;swissprot_caution_frameshift	P93312	YMF16_ARATH	2	Sequence=AC007729; Type=Frameshift; Evidence={ECO:0000305} | Sequence=CAA51193.1; Type=Frameshift; Evidence={ECO:0000305} | Sequence=DAB41510.2; Type=Erroneous initiation; Note=Truncated N-terminus.; Evidence={ECO:0000305}	internal_difference_prefix0_suffix37_len280vs286	ATMG00570.1.TAIR10	280
Athaliana	AT5G45105.TAIR10	AT5G45105	swissprot_caution_erroneous_gene_model_prediction;swissprot_caution_erroneous_termination	Q8S3W4	ZIP8_ARATH	3	Sequence=AB019224; Type=Erroneous termination; Note=Truncated C-terminus.; Evidence={ECO:0000305} | Sequence=AED95203.1; Type=Erroneous gene model prediction; Evidence={ECO:0000305}	internal_difference_prefix197_suffix71_len347vs299	AT5G45105.2.TAIR10	347
